
Info: /IEEE_Std_1666/deprecated: integer report ids are deprecated, use string values: sc_report::register_id()
Global frequency set at 1000000000000 ticks per second
============================================================
EventQueue Dump  (cycle 0)
------------------------------------------------------------
<No Events>
============================================================
0 s (=) : HostUCIe Constructed
0 s (=) : TargetUCIe Constructed
0 s (=) : ConvAccel Constructed
0 s (=) : sc_main Start gem5 + UCIe + accelerator endpoint simulation
5 ns (=) : HostUCIe nb_transport_fw received phase=BEGIN_REQ addr=0x0 len=4
7337 ps (<) : HostUCIe peq_cb: BEGIN_REQ from gem5 bridge
7337 ps (<) : HostUCIe Packing transaction into UCIe flits: cmd=WRITE addr=0x0 len=4 num_flits=1
7337 ps (<) : HostUCIe Sending UCIe flit id=1 addr=0x0 size=4 tail=1
7337 ps (<) : TargetUCIe nb_transport_fw received phase=BEGIN_REQ addr=0x0 len=4
7337 ps (<) : HostUCIe Flit accepted by downstream target
7337 ps (<) : HostUCIe Sending END_REQ back to gem5 bridge
10 ns (=) : HostUCIe nb_transport_fw received phase=BEGIN_REQ addr=0x4 len=4
12006 ps (<) : HostUCIe peq_cb: BEGIN_REQ from gem5 bridge
12006 ps (<) : HostUCIe Packing transaction into UCIe flits: cmd=WRITE addr=0x4 len=4 num_flits=1
12006 ps (<) : HostUCIe Sending UCIe flit id=2 addr=0x4 size=4 tail=1
12006 ps (<) : TargetUCIe nb_transport_fw received phase=BEGIN_REQ addr=0x4 len=4
12006 ps (<) : HostUCIe Flit accepted by downstream target
12006 ps (<) : HostUCIe Sending END_REQ back to gem5 bridge
15 ns (=) : HostUCIe nb_transport_fw received phase=BEGIN_REQ addr=0x8 len=4
17337 ps (<) : TargetUCIe peq_cb: BEGIN_REQ from HostUCIe
17337 ps (<) : TargetUCIe Received flit id=1 payload_size=4 tail=1 addr=0x0
17337 ps (<) : TargetUCIe Sending ACK BEGIN_RESP back to HostUCIe
17337 ps (<) : HostUCIe nb_transport_bw received phase=BEGIN_RESP addr=0x0 len=4
17337 ps (<) : TargetUCIe Started reconstructing payload from flits
17337 ps (<) : TargetUCIe Reconstructed length now=4
17337 ps (<) : TargetUCIe Tail flit received. Forwarding reconstructed payload to ConvAccel
17337 ps (<) : ConvAccel nb_transport_fw received phase=BEGIN_REQ cmd=WRITE addr=0x0 len=4
17337 ps (<) : TargetUCIe ConvAccel accepted reconstructed payload
17337 ps (<) : ConvAccel peq_cb BEGIN_REQ cmd=WRITE addr=0x0 len=4
17337 ps (<) : ConvAccel SRAM WRITE using local offset
17337 ps (<) : ConvAccel Sending BEGIN_RESP back to TargetUCIe
17337 ps (<) : TargetUCIe nb_transport_bw received phase=BEGIN_RESP addr=0x0 len=4
17337 ps (<) : HostUCIe peq_cb: BEGIN_RESP received from downstream target
17337 ps (<) : HostUCIe Response extension: flit_id=1 ack=1 nak=0
17337 ps (<) : HostUCIe ACK received: removed flit from retry buffer
17337 ps (<) : TargetUCIe nb_transport_fw received phase=END_RESP addr=0x0 len=4
17337 ps (<) : TargetUCIe peq_cb: BEGIN_RESP from ConvAccel, forwarding to HostUCIe
17337 ps (<) : HostUCIe nb_transport_bw received phase=BEGIN_RESP addr=0x0 len=4
17337 ps (<) : TargetUCIe peq_cb: END_RESP received from HostUCIe
17337 ps (<) : HostUCIe peq_cb: BEGIN_RESP received from downstream target
17337 ps (<) : TargetUCIe nb_transport_fw received phase=END_RESP addr=0x0 len=4
17337 ps (<) : TargetUCIe peq_cb: END_RESP received from HostUCIe
17342 ps (<) : HostUCIe peq_cb: BEGIN_REQ from gem5 bridge
17342 ps (<) : HostUCIe Packing transaction into UCIe flits: cmd=WRITE addr=0x8 len=4 num_flits=1
17342 ps (<) : HostUCIe Sending UCIe flit id=3 addr=0x8 size=4 tail=1
17342 ps (<) : TargetUCIe nb_transport_fw received phase=BEGIN_REQ addr=0x8 len=4
17342 ps (<) : HostUCIe Flit accepted by downstream target
17342 ps (<) : HostUCIe Sending END_REQ back to gem5 bridge
20 ns (=) : HostUCIe nb_transport_fw received phase=BEGIN_REQ addr=0xc len=4
22006 ps (<) : TargetUCIe peq_cb: BEGIN_REQ from HostUCIe
22006 ps (<) : TargetUCIe Received flit id=2 payload_size=4 tail=1 addr=0x4
22006 ps (<) : TargetUCIe Sending ACK BEGIN_RESP back to HostUCIe
22006 ps (<) : HostUCIe nb_transport_bw received phase=BEGIN_RESP addr=0x4 len=4
22006 ps (<) : TargetUCIe Started reconstructing payload from flits
22006 ps (<) : TargetUCIe Reconstructed length now=4
22006 ps (<) : TargetUCIe Tail flit received. Forwarding reconstructed payload to ConvAccel
22006 ps (<) : ConvAccel nb_transport_fw received phase=BEGIN_REQ cmd=WRITE addr=0x4 len=4
22006 ps (<) : TargetUCIe ConvAccel accepted reconstructed payload
22006 ps (<) : ConvAccel peq_cb BEGIN_REQ cmd=WRITE addr=0x4 len=4
22006 ps (<) : ConvAccel SRAM WRITE using local offset
22006 ps (<) : ConvAccel Sending BEGIN_RESP back to TargetUCIe
22006 ps (<) : TargetUCIe nb_transport_bw received phase=BEGIN_RESP addr=0x4 len=4
22006 ps (<) : HostUCIe peq_cb: BEGIN_RESP received from downstream target
22006 ps (<) : HostUCIe Response extension: flit_id=2 ack=1 nak=0
22006 ps (<) : HostUCIe ACK received: removed flit from retry buffer
22006 ps (<) : TargetUCIe nb_transport_fw received phase=END_RESP addr=0x4 len=4
22006 ps (<) : TargetUCIe peq_cb: BEGIN_RESP from ConvAccel, forwarding to HostUCIe
22006 ps (<) : HostUCIe nb_transport_bw received phase=BEGIN_RESP addr=0x4 len=4
22006 ps (<) : TargetUCIe peq_cb: END_RESP received from HostUCIe
22006 ps (<) : HostUCIe peq_cb: BEGIN_RESP received from downstream target
22006 ps (<) : TargetUCIe nb_transport_fw received phase=END_RESP addr=0x4 len=4
22006 ps (<) : TargetUCIe peq_cb: END_RESP received from HostUCIe
22011 ps (<) : HostUCIe peq_cb: BEGIN_REQ from gem5 bridge
22011 ps (<) : HostUCIe Packing transaction into UCIe flits: cmd=WRITE addr=0xc len=4 num_flits=1
22011 ps (<) : HostUCIe Sending UCIe flit id=4 addr=0xc size=4 tail=1
22011 ps (<) : TargetUCIe nb_transport_fw received phase=BEGIN_REQ addr=0xc len=4
22011 ps (<) : HostUCIe Flit accepted by downstream target
22011 ps (<) : HostUCIe Sending END_REQ back to gem5 bridge
25 ns (=) : HostUCIe nb_transport_fw received phase=BEGIN_REQ addr=0x10 len=4
27342 ps (<) : TargetUCIe peq_cb: BEGIN_REQ from HostUCIe
27342 ps (<) : TargetUCIe Received flit id=3 payload_size=4 tail=1 addr=0x8
27342 ps (<) : TargetUCIe Sending ACK BEGIN_RESP back to HostUCIe
27342 ps (<) : HostUCIe nb_transport_bw received phase=BEGIN_RESP addr=0x8 len=4
27342 ps (<) : TargetUCIe Started reconstructing payload from flits
27342 ps (<) : TargetUCIe Reconstructed length now=4
27342 ps (<) : TargetUCIe Tail flit received. Forwarding reconstructed payload to ConvAccel
27342 ps (<) : ConvAccel nb_transport_fw received phase=BEGIN_REQ cmd=WRITE addr=0x8 len=4
27342 ps (<) : TargetUCIe ConvAccel accepted reconstructed payload
27342 ps (<) : ConvAccel peq_cb BEGIN_REQ cmd=WRITE addr=0x8 len=4
27342 ps (<) : ConvAccel SRAM WRITE using local offset
27342 ps (<) : ConvAccel Sending BEGIN_RESP back to TargetUCIe
27342 ps (<) : TargetUCIe nb_transport_bw received phase=BEGIN_RESP addr=0x8 len=4
27342 ps (<) : HostUCIe peq_cb: BEGIN_RESP received from downstream target
27342 ps (<) : HostUCIe Response extension: flit_id=3 ack=1 nak=0
27342 ps (<) : HostUCIe ACK received: removed flit from retry buffer
27342 ps (<) : TargetUCIe nb_transport_fw received phase=END_RESP addr=0x8 len=4
27342 ps (<) : TargetUCIe peq_cb: BEGIN_RESP from ConvAccel, forwarding to HostUCIe
27342 ps (<) : HostUCIe nb_transport_bw received phase=BEGIN_RESP addr=0x8 len=4
27342 ps (<) : TargetUCIe peq_cb: END_RESP received from HostUCIe
27342 ps (<) : HostUCIe peq_cb: BEGIN_RESP received from downstream target
27342 ps (<) : TargetUCIe nb_transport_fw received phase=END_RESP addr=0x8 len=4
27342 ps (<) : TargetUCIe peq_cb: END_RESP received from HostUCIe
27347 ps (<) : HostUCIe peq_cb: BEGIN_REQ from gem5 bridge
27347 ps (<) : HostUCIe Packing transaction into UCIe flits: cmd=WRITE addr=0x10 len=4 num_flits=1
27347 ps (<) : HostUCIe Sending UCIe flit id=5 addr=0x10 size=4 tail=1
27347 ps (<) : TargetUCIe nb_transport_fw received phase=BEGIN_REQ addr=0x10 len=4
27347 ps (<) : HostUCIe Flit accepted by downstream target
27347 ps (<) : HostUCIe Sending END_REQ back to gem5 bridge
30 ns (=) : HostUCIe nb_transport_fw received phase=BEGIN_REQ addr=0x14 len=4
32011 ps (<) : TargetUCIe peq_cb: BEGIN_REQ from HostUCIe
32011 ps (<) : TargetUCIe Received flit id=4 payload_size=4 tail=1 addr=0xc
32011 ps (<) : TargetUCIe Sending ACK BEGIN_RESP back to HostUCIe
32011 ps (<) : HostUCIe nb_transport_bw received phase=BEGIN_RESP addr=0xc len=4
32011 ps (<) : TargetUCIe Started reconstructing payload from flits
32011 ps (<) : TargetUCIe Reconstructed length now=4
32011 ps (<) : TargetUCIe Tail flit received. Forwarding reconstructed payload to ConvAccel
32011 ps (<) : ConvAccel nb_transport_fw received phase=BEGIN_REQ cmd=WRITE addr=0xc len=4
32011 ps (<) : TargetUCIe ConvAccel accepted reconstructed payload
32011 ps (<) : ConvAccel peq_cb BEGIN_REQ cmd=WRITE addr=0xc len=4
32011 ps (<) : ConvAccel SRAM WRITE using local offset
32011 ps (<) : ConvAccel Sending BEGIN_RESP back to TargetUCIe
32011 ps (<) : TargetUCIe nb_transport_bw received phase=BEGIN_RESP addr=0xc len=4
32011 ps (<) : HostUCIe peq_cb: BEGIN_RESP received from downstream target
32011 ps (<) : HostUCIe Response extension: flit_id=4 ack=1 nak=0
32011 ps (<) : HostUCIe ACK received: removed flit from retry buffer
32011 ps (<) : TargetUCIe nb_transport_fw received phase=END_RESP addr=0xc len=4
32011 ps (<) : TargetUCIe peq_cb: BEGIN_RESP from ConvAccel, forwarding to HostUCIe
32011 ps (<) : HostUCIe nb_transport_bw received phase=BEGIN_RESP addr=0xc len=4
32011 ps (<) : TargetUCIe peq_cb: END_RESP received from HostUCIe
32011 ps (<) : HostUCIe peq_cb: BEGIN_RESP received from downstream target
32011 ps (<) : TargetUCIe nb_transport_fw received phase=END_RESP addr=0xc len=4
32011 ps (<) : TargetUCIe peq_cb: END_RESP received from HostUCIe
32016 ps (<) : HostUCIe peq_cb: BEGIN_REQ from gem5 bridge
32016 ps (<) : HostUCIe Packing transaction into UCIe flits: cmd=WRITE addr=0x14 len=4 num_flits=1
32016 ps (<) : HostUCIe Sending UCIe flit id=6 addr=0x14 size=4 tail=1
32016 ps (<) : TargetUCIe nb_transport_fw received phase=BEGIN_REQ addr=0x14 len=4
32016 ps (<) : HostUCIe Flit accepted by downstream target
32016 ps (<) : HostUCIe Sending END_REQ back to gem5 bridge
35 ns (=) : HostUCIe nb_transport_fw received phase=BEGIN_REQ addr=0x18 len=4
37347 ps (<) : TargetUCIe peq_cb: BEGIN_REQ from HostUCIe
37347 ps (<) : TargetUCIe Received flit id=5 payload_size=4 tail=1 addr=0x10
37347 ps (<) : TargetUCIe Sending ACK BEGIN_RESP back to HostUCIe
37347 ps (<) : HostUCIe nb_transport_bw received phase=BEGIN_RESP addr=0x10 len=4
37347 ps (<) : TargetUCIe Started reconstructing payload from flits
37347 ps (<) : TargetUCIe Reconstructed length now=4
37347 ps (<) : TargetUCIe Tail flit received. Forwarding reconstructed payload to ConvAccel
37347 ps (<) : ConvAccel nb_transport_fw received phase=BEGIN_REQ cmd=WRITE addr=0x10 len=4
37347 ps (<) : TargetUCIe ConvAccel accepted reconstructed payload
37347 ps (<) : ConvAccel peq_cb BEGIN_REQ cmd=WRITE addr=0x10 len=4
37347 ps (<) : ConvAccel SRAM WRITE using local offset
37347 ps (<) : ConvAccel Sending BEGIN_RESP back to TargetUCIe
37347 ps (<) : TargetUCIe nb_transport_bw received phase=BEGIN_RESP addr=0x10 len=4
37347 ps (<) : HostUCIe peq_cb: BEGIN_RESP received from downstream target
37347 ps (<) : HostUCIe Response extension: flit_id=5 ack=1 nak=0
37347 ps (<) : HostUCIe ACK received: removed flit from retry buffer
37347 ps (<) : TargetUCIe nb_transport_fw received phase=END_RESP addr=0x10 len=4
37347 ps (<) : TargetUCIe peq_cb: BEGIN_RESP from ConvAccel, forwarding to HostUCIe
37347 ps (<) : HostUCIe nb_transport_bw received phase=BEGIN_RESP addr=0x10 len=4
37347 ps (<) : TargetUCIe peq_cb: END_RESP received from HostUCIe
37347 ps (<) : HostUCIe peq_cb: BEGIN_RESP received from downstream target
37347 ps (<) : TargetUCIe nb_transport_fw received phase=END_RESP addr=0x10 len=4
37347 ps (<) : TargetUCIe peq_cb: END_RESP received from HostUCIe
37352 ps (<) : HostUCIe peq_cb: BEGIN_REQ from gem5 bridge
37352 ps (<) : HostUCIe Packing transaction into UCIe flits: cmd=WRITE addr=0x18 len=4 num_flits=1
37352 ps (<) : HostUCIe Sending UCIe flit id=7 addr=0x18 size=4 tail=1
37352 ps (<) : TargetUCIe nb_transport_fw received phase=BEGIN_REQ addr=0x18 len=4
37352 ps (<) : HostUCIe Flit accepted by downstream target
37352 ps (<) : HostUCIe Sending END_REQ back to gem5 bridge
40 ns (=) : HostUCIe nb_transport_fw received phase=BEGIN_REQ addr=0x1c len=4
42016 ps (<) : TargetUCIe peq_cb: BEGIN_REQ from HostUCIe
42016 ps (<) : TargetUCIe Received flit id=6 payload_size=4 tail=1 addr=0x14
42016 ps (<) : TargetUCIe Sending ACK BEGIN_RESP back to HostUCIe
42016 ps (<) : HostUCIe nb_transport_bw received phase=BEGIN_RESP addr=0x14 len=4
42016 ps (<) : TargetUCIe Started reconstructing payload from flits
42016 ps (<) : TargetUCIe Reconstructed length now=4
42016 ps (<) : TargetUCIe Tail flit received. Forwarding reconstructed payload to ConvAccel
42016 ps (<) : ConvAccel nb_transport_fw received phase=BEGIN_REQ cmd=WRITE addr=0x14 len=4
42016 ps (<) : TargetUCIe ConvAccel accepted reconstructed payload
42016 ps (<) : ConvAccel peq_cb BEGIN_REQ cmd=WRITE addr=0x14 len=4
42016 ps (<) : ConvAccel SRAM WRITE using local offset
42016 ps (<) : ConvAccel Sending BEGIN_RESP back to TargetUCIe
42016 ps (<) : TargetUCIe nb_transport_bw received phase=BEGIN_RESP addr=0x14 len=4
42016 ps (<) : HostUCIe peq_cb: BEGIN_RESP received from downstream target
42016 ps (<) : HostUCIe Response extension: flit_id=6 ack=1 nak=0
42016 ps (<) : HostUCIe ACK received: removed flit from retry buffer
42016 ps (<) : TargetUCIe nb_transport_fw received phase=END_RESP addr=0x14 len=4
42016 ps (<) : TargetUCIe peq_cb: BEGIN_RESP from ConvAccel, forwarding to HostUCIe
42016 ps (<) : HostUCIe nb_transport_bw received phase=BEGIN_RESP addr=0x14 len=4
42016 ps (<) : TargetUCIe peq_cb: END_RESP received from HostUCIe
42016 ps (<) : HostUCIe peq_cb: BEGIN_RESP received from downstream target
42016 ps (<) : TargetUCIe nb_transport_fw received phase=END_RESP addr=0x14 len=4
42016 ps (<) : TargetUCIe peq_cb: END_RESP received from HostUCIe
42021 ps (<) : HostUCIe peq_cb: BEGIN_REQ from gem5 bridge
42021 ps (<) : HostUCIe Packing transaction into UCIe flits: cmd=WRITE addr=0x1c len=4 num_flits=1
42021 ps (<) : HostUCIe Sending UCIe flit id=8 addr=0x1c size=4 tail=1
42021 ps (<) : TargetUCIe nb_transport_fw received phase=BEGIN_REQ addr=0x1c len=4
42021 ps (<) : HostUCIe Flit accepted by downstream target
42021 ps (<) : HostUCIe Sending END_REQ back to gem5 bridge
45 ns (=) : HostUCIe nb_transport_fw received phase=BEGIN_REQ addr=0x20 len=4
47352 ps (<) : TargetUCIe peq_cb: BEGIN_REQ from HostUCIe
47352 ps (<) : TargetUCIe Received flit id=7 payload_size=4 tail=1 addr=0x18
47352 ps (<) : TargetUCIe Sending ACK BEGIN_RESP back to HostUCIe
47352 ps (<) : HostUCIe nb_transport_bw received phase=BEGIN_RESP addr=0x18 len=4
47352 ps (<) : TargetUCIe Started reconstructing payload from flits
47352 ps (<) : TargetUCIe Reconstructed length now=4
47352 ps (<) : TargetUCIe Tail flit received. Forwarding reconstructed payload to ConvAccel
47352 ps (<) : ConvAccel nb_transport_fw received phase=BEGIN_REQ cmd=WRITE addr=0x18 len=4
47352 ps (<) : TargetUCIe ConvAccel accepted reconstructed payload
47352 ps (<) : ConvAccel peq_cb BEGIN_REQ cmd=WRITE addr=0x18 len=4
47352 ps (<) : ConvAccel SRAM WRITE using local offset
47352 ps (<) : ConvAccel Sending BEGIN_RESP back to TargetUCIe
47352 ps (<) : TargetUCIe nb_transport_bw received phase=BEGIN_RESP addr=0x18 len=4
47352 ps (<) : HostUCIe peq_cb: BEGIN_RESP received from downstream target
47352 ps (<) : HostUCIe Response extension: flit_id=7 ack=1 nak=0
47352 ps (<) : HostUCIe ACK received: removed flit from retry buffer
47352 ps (<) : TargetUCIe nb_transport_fw received phase=END_RESP addr=0x18 len=4
47352 ps (<) : TargetUCIe peq_cb: BEGIN_RESP from ConvAccel, forwarding to HostUCIe
47352 ps (<) : HostUCIe nb_transport_bw received phase=BEGIN_RESP addr=0x18 len=4
47352 ps (<) : TargetUCIe peq_cb: END_RESP received from HostUCIe
47352 ps (<) : HostUCIe peq_cb: BEGIN_RESP received from downstream target
47352 ps (<) : TargetUCIe nb_transport_fw received phase=END_RESP addr=0x18 len=4
47352 ps (<) : TargetUCIe peq_cb: END_RESP received from HostUCIe
47357 ps (<) : HostUCIe peq_cb: BEGIN_REQ from gem5 bridge
47357 ps (<) : HostUCIe Packing transaction into UCIe flits: cmd=WRITE addr=0x20 len=4 num_flits=1
47357 ps (<) : HostUCIe Sending UCIe flit id=9 addr=0x20 size=4 tail=1
47357 ps (<) : TargetUCIe nb_transport_fw received phase=BEGIN_REQ addr=0x20 len=4
47357 ps (<) : HostUCIe Flit accepted by downstream target
47357 ps (<) : HostUCIe Sending END_REQ back to gem5 bridge
50 ns (=) : HostUCIe nb_transport_fw received phase=BEGIN_REQ addr=0x24 len=4
52021 ps (<) : TargetUCIe peq_cb: BEGIN_REQ from HostUCIe
52021 ps (<) : TargetUCIe Received flit id=8 payload_size=4 tail=1 addr=0x1c
52021 ps (<) : TargetUCIe Sending ACK BEGIN_RESP back to HostUCIe
52021 ps (<) : HostUCIe nb_transport_bw received phase=BEGIN_RESP addr=0x1c len=4
52021 ps (<) : TargetUCIe Started reconstructing payload from flits
52021 ps (<) : TargetUCIe Reconstructed length now=4
52021 ps (<) : TargetUCIe Tail flit received. Forwarding reconstructed payload to ConvAccel
52021 ps (<) : ConvAccel nb_transport_fw received phase=BEGIN_REQ cmd=WRITE addr=0x1c len=4
52021 ps (<) : TargetUCIe ConvAccel accepted reconstructed payload
52021 ps (<) : ConvAccel peq_cb BEGIN_REQ cmd=WRITE addr=0x1c len=4
52021 ps (<) : ConvAccel SRAM WRITE using local offset
52021 ps (<) : ConvAccel Sending BEGIN_RESP back to TargetUCIe
52021 ps (<) : TargetUCIe nb_transport_bw received phase=BEGIN_RESP addr=0x1c len=4
52021 ps (<) : HostUCIe peq_cb: BEGIN_RESP received from downstream target
52021 ps (<) : HostUCIe Response extension: flit_id=8 ack=1 nak=0
52021 ps (<) : HostUCIe ACK received: removed flit from retry buffer
52021 ps (<) : TargetUCIe nb_transport_fw received phase=END_RESP addr=0x1c len=4
52021 ps (<) : TargetUCIe peq_cb: BEGIN_RESP from ConvAccel, forwarding to HostUCIe
52021 ps (<) : HostUCIe nb_transport_bw received phase=BEGIN_RESP addr=0x1c len=4
52021 ps (<) : TargetUCIe peq_cb: END_RESP received from HostUCIe
52021 ps (<) : HostUCIe peq_cb: BEGIN_RESP received from downstream target
52021 ps (<) : TargetUCIe nb_transport_fw received phase=END_RESP addr=0x1c len=4
52021 ps (<) : TargetUCIe peq_cb: END_RESP received from HostUCIe
52026 ps (<) : HostUCIe peq_cb: BEGIN_REQ from gem5 bridge
52026 ps (<) : HostUCIe Packing transaction into UCIe flits: cmd=WRITE addr=0x24 len=4 num_flits=1
52026 ps (<) : HostUCIe Sending UCIe flit id=10 addr=0x24 size=4 tail=1
52026 ps (<) : TargetUCIe nb_transport_fw received phase=BEGIN_REQ addr=0x24 len=4
52026 ps (<) : HostUCIe Flit accepted by downstream target
52026 ps (<) : HostUCIe Sending END_REQ back to gem5 bridge
55 ns (=) : HostUCIe nb_transport_fw received phase=BEGIN_REQ addr=0x28 len=4
57357 ps (<) : TargetUCIe peq_cb: BEGIN_REQ from HostUCIe
57357 ps (<) : TargetUCIe Received flit id=9 payload_size=4 tail=1 addr=0x20
57357 ps (<) : TargetUCIe Sending ACK BEGIN_RESP back to HostUCIe
57357 ps (<) : HostUCIe nb_transport_bw received phase=BEGIN_RESP addr=0x20 len=4
57357 ps (<) : TargetUCIe Started reconstructing payload from flits
57357 ps (<) : TargetUCIe Reconstructed length now=4
57357 ps (<) : TargetUCIe Tail flit received. Forwarding reconstructed payload to ConvAccel
57357 ps (<) : ConvAccel nb_transport_fw received phase=BEGIN_REQ cmd=WRITE addr=0x20 len=4
57357 ps (<) : TargetUCIe ConvAccel accepted reconstructed payload
57357 ps (<) : ConvAccel peq_cb BEGIN_REQ cmd=WRITE addr=0x20 len=4
57357 ps (<) : ConvAccel SRAM WRITE using local offset
57357 ps (<) : ConvAccel Sending BEGIN_RESP back to TargetUCIe
57357 ps (<) : TargetUCIe nb_transport_bw received phase=BEGIN_RESP addr=0x20 len=4
57357 ps (<) : HostUCIe peq_cb: BEGIN_RESP received from downstream target
57357 ps (<) : HostUCIe Response extension: flit_id=9 ack=1 nak=0
57357 ps (<) : HostUCIe ACK received: removed flit from retry buffer
57357 ps (<) : TargetUCIe nb_transport_fw received phase=END_RESP addr=0x20 len=4
57357 ps (<) : TargetUCIe peq_cb: BEGIN_RESP from ConvAccel, forwarding to HostUCIe
57357 ps (<) : HostUCIe nb_transport_bw received phase=BEGIN_RESP addr=0x20 len=4
57357 ps (<) : TargetUCIe peq_cb: END_RESP received from HostUCIe
57357 ps (<) : HostUCIe peq_cb: BEGIN_RESP received from downstream target
57357 ps (<) : TargetUCIe nb_transport_fw received phase=END_RESP addr=0x20 len=4
57357 ps (<) : TargetUCIe peq_cb: END_RESP received from HostUCIe
57362 ps (<) : HostUCIe peq_cb: BEGIN_REQ from gem5 bridge
57362 ps (<) : HostUCIe Packing transaction into UCIe flits: cmd=WRITE addr=0x28 len=4 num_flits=1
57362 ps (<) : HostUCIe Sending UCIe flit id=11 addr=0x28 size=4 tail=1
57362 ps (<) : TargetUCIe nb_transport_fw received phase=BEGIN_REQ addr=0x28 len=4
57362 ps (<) : HostUCIe Flit accepted by downstream target
57362 ps (<) : HostUCIe Sending END_REQ back to gem5 bridge
60 ns (=) : HostUCIe nb_transport_fw received phase=BEGIN_REQ addr=0x2c len=4
62026 ps (<) : TargetUCIe peq_cb: BEGIN_REQ from HostUCIe
62026 ps (<) : TargetUCIe Received flit id=10 payload_size=4 tail=1 addr=0x24
62026 ps (<) : TargetUCIe Sending ACK BEGIN_RESP back to HostUCIe
62026 ps (<) : HostUCIe nb_transport_bw received phase=BEGIN_RESP addr=0x24 len=4
62026 ps (<) : TargetUCIe Started reconstructing payload from flits
62026 ps (<) : TargetUCIe Reconstructed length now=4
62026 ps (<) : TargetUCIe Tail flit received. Forwarding reconstructed payload to ConvAccel
62026 ps (<) : ConvAccel nb_transport_fw received phase=BEGIN_REQ cmd=WRITE addr=0x24 len=4
62026 ps (<) : TargetUCIe ConvAccel accepted reconstructed payload
62026 ps (<) : ConvAccel peq_cb BEGIN_REQ cmd=WRITE addr=0x24 len=4
62026 ps (<) : ConvAccel SRAM WRITE using local offset
62026 ps (<) : ConvAccel Sending BEGIN_RESP back to TargetUCIe
62026 ps (<) : TargetUCIe nb_transport_bw received phase=BEGIN_RESP addr=0x24 len=4
62026 ps (<) : HostUCIe peq_cb: BEGIN_RESP received from downstream target
62026 ps (<) : HostUCIe Response extension: flit_id=10 ack=1 nak=0
62026 ps (<) : HostUCIe ACK received: removed flit from retry buffer
62026 ps (<) : TargetUCIe nb_transport_fw received phase=END_RESP addr=0x24 len=4
62026 ps (<) : TargetUCIe peq_cb: BEGIN_RESP from ConvAccel, forwarding to HostUCIe
62026 ps (<) : HostUCIe nb_transport_bw received phase=BEGIN_RESP addr=0x24 len=4
62026 ps (<) : TargetUCIe peq_cb: END_RESP received from HostUCIe
62026 ps (<) : HostUCIe peq_cb: BEGIN_RESP received from downstream target
62026 ps (<) : TargetUCIe nb_transport_fw received phase=END_RESP addr=0x24 len=4
62026 ps (<) : TargetUCIe peq_cb: END_RESP received from HostUCIe
62031 ps (<) : HostUCIe peq_cb: BEGIN_REQ from gem5 bridge
62031 ps (<) : HostUCIe Packing transaction into UCIe flits: cmd=WRITE addr=0x2c len=4 num_flits=1
62031 ps (<) : HostUCIe Sending UCIe flit id=12 addr=0x2c size=4 tail=1
62031 ps (<) : TargetUCIe nb_transport_fw received phase=BEGIN_REQ addr=0x2c len=4
62031 ps (<) : HostUCIe Flit accepted by downstream target
62031 ps (<) : HostUCIe Sending END_REQ back to gem5 bridge
65 ns (=) : HostUCIe nb_transport_fw received phase=BEGIN_REQ addr=0x30 len=4
67362 ps (<) : TargetUCIe peq_cb: BEGIN_REQ from HostUCIe
67362 ps (<) : TargetUCIe Received flit id=11 payload_size=4 tail=1 addr=0x28
67362 ps (<) : TargetUCIe Sending ACK BEGIN_RESP back to HostUCIe
67362 ps (<) : HostUCIe nb_transport_bw received phase=BEGIN_RESP addr=0x28 len=4
67362 ps (<) : TargetUCIe Started reconstructing payload from flits
67362 ps (<) : TargetUCIe Reconstructed length now=4
67362 ps (<) : TargetUCIe Tail flit received. Forwarding reconstructed payload to ConvAccel
67362 ps (<) : ConvAccel nb_transport_fw received phase=BEGIN_REQ cmd=WRITE addr=0x28 len=4
67362 ps (<) : TargetUCIe ConvAccel accepted reconstructed payload
67362 ps (<) : ConvAccel peq_cb BEGIN_REQ cmd=WRITE addr=0x28 len=4
67362 ps (<) : ConvAccel SRAM WRITE using local offset
67362 ps (<) : ConvAccel Sending BEGIN_RESP back to TargetUCIe
67362 ps (<) : TargetUCIe nb_transport_bw received phase=BEGIN_RESP addr=0x28 len=4
67362 ps (<) : HostUCIe peq_cb: BEGIN_RESP received from downstream target
67362 ps (<) : HostUCIe Response extension: flit_id=11 ack=1 nak=0
67362 ps (<) : HostUCIe ACK received: removed flit from retry buffer
67362 ps (<) : TargetUCIe nb_transport_fw received phase=END_RESP addr=0x28 len=4
67362 ps (<) : TargetUCIe peq_cb: BEGIN_RESP from ConvAccel, forwarding to HostUCIe
67362 ps (<) : HostUCIe nb_transport_bw received phase=BEGIN_RESP addr=0x28 len=4
67362 ps (<) : TargetUCIe peq_cb: END_RESP received from HostUCIe
67362 ps (<) : HostUCIe peq_cb: BEGIN_RESP received from downstream target
67362 ps (<) : TargetUCIe nb_transport_fw received phase=END_RESP addr=0x28 len=4
67362 ps (<) : TargetUCIe peq_cb: END_RESP received from HostUCIe
67367 ps (<) : HostUCIe peq_cb: BEGIN_REQ from gem5 bridge
67367 ps (<) : HostUCIe Packing transaction into UCIe flits: cmd=WRITE addr=0x30 len=4 num_flits=1
67367 ps (<) : HostUCIe Sending UCIe flit id=13 addr=0x30 size=4 tail=1
67367 ps (<) : TargetUCIe nb_transport_fw received phase=BEGIN_REQ addr=0x30 len=4
67367 ps (<) : HostUCIe Flit accepted by downstream target
67367 ps (<) : HostUCIe Sending END_REQ back to gem5 bridge
70 ns (=) : HostUCIe nb_transport_fw received phase=BEGIN_REQ addr=0x34 len=4
72031 ps (<) : TargetUCIe peq_cb: BEGIN_REQ from HostUCIe
72031 ps (<) : TargetUCIe Received flit id=12 payload_size=4 tail=1 addr=0x2c
72031 ps (<) : TargetUCIe Sending ACK BEGIN_RESP back to HostUCIe
72031 ps (<) : HostUCIe nb_transport_bw received phase=BEGIN_RESP addr=0x2c len=4
72031 ps (<) : TargetUCIe Started reconstructing payload from flits
72031 ps (<) : TargetUCIe Reconstructed length now=4
72031 ps (<) : TargetUCIe Tail flit received. Forwarding reconstructed payload to ConvAccel
72031 ps (<) : ConvAccel nb_transport_fw received phase=BEGIN_REQ cmd=WRITE addr=0x2c len=4
72031 ps (<) : TargetUCIe ConvAccel accepted reconstructed payload
72031 ps (<) : ConvAccel peq_cb BEGIN_REQ cmd=WRITE addr=0x2c len=4
72031 ps (<) : ConvAccel SRAM WRITE using local offset
72031 ps (<) : ConvAccel Sending BEGIN_RESP back to TargetUCIe
72031 ps (<) : TargetUCIe nb_transport_bw received phase=BEGIN_RESP addr=0x2c len=4
72031 ps (<) : HostUCIe peq_cb: BEGIN_RESP received from downstream target
72031 ps (<) : HostUCIe Response extension: flit_id=12 ack=1 nak=0
72031 ps (<) : HostUCIe ACK received: removed flit from retry buffer
72031 ps (<) : TargetUCIe nb_transport_fw received phase=END_RESP addr=0x2c len=4
72031 ps (<) : TargetUCIe peq_cb: BEGIN_RESP from ConvAccel, forwarding to HostUCIe
72031 ps (<) : HostUCIe nb_transport_bw received phase=BEGIN_RESP addr=0x2c len=4
72031 ps (<) : TargetUCIe peq_cb: END_RESP received from HostUCIe
72031 ps (<) : HostUCIe peq_cb: BEGIN_RESP received from downstream target
72031 ps (<) : TargetUCIe nb_transport_fw received phase=END_RESP addr=0x2c len=4
72031 ps (<) : TargetUCIe peq_cb: END_RESP received from HostUCIe
72036 ps (<) : HostUCIe peq_cb: BEGIN_REQ from gem5 bridge
72036 ps (<) : HostUCIe Packing transaction into UCIe flits: cmd=WRITE addr=0x34 len=4 num_flits=1
72036 ps (<) : HostUCIe Sending UCIe flit id=14 addr=0x34 size=4 tail=1
72036 ps (<) : TargetUCIe nb_transport_fw received phase=BEGIN_REQ addr=0x34 len=4
72036 ps (<) : HostUCIe Flit accepted by downstream target
72036 ps (<) : HostUCIe Sending END_REQ back to gem5 bridge
75 ns (=) : HostUCIe nb_transport_fw received phase=BEGIN_REQ addr=0x38 len=4
77367 ps (<) : TargetUCIe peq_cb: BEGIN_REQ from HostUCIe
77367 ps (<) : TargetUCIe Received flit id=13 payload_size=4 tail=1 addr=0x30
77367 ps (<) : TargetUCIe Sending ACK BEGIN_RESP back to HostUCIe
77367 ps (<) : HostUCIe nb_transport_bw received phase=BEGIN_RESP addr=0x30 len=4
77367 ps (<) : TargetUCIe Started reconstructing payload from flits
77367 ps (<) : TargetUCIe Reconstructed length now=4
77367 ps (<) : TargetUCIe Tail flit received. Forwarding reconstructed payload to ConvAccel
77367 ps (<) : ConvAccel nb_transport_fw received phase=BEGIN_REQ cmd=WRITE addr=0x30 len=4
77367 ps (<) : TargetUCIe ConvAccel accepted reconstructed payload
77367 ps (<) : ConvAccel peq_cb BEGIN_REQ cmd=WRITE addr=0x30 len=4
77367 ps (<) : ConvAccel SRAM WRITE using local offset
77367 ps (<) : ConvAccel Sending BEGIN_RESP back to TargetUCIe
77367 ps (<) : TargetUCIe nb_transport_bw received phase=BEGIN_RESP addr=0x30 len=4
77367 ps (<) : HostUCIe peq_cb: BEGIN_RESP received from downstream target
77367 ps (<) : HostUCIe Response extension: flit_id=13 ack=1 nak=0
77367 ps (<) : HostUCIe ACK received: removed flit from retry buffer
77367 ps (<) : TargetUCIe nb_transport_fw received phase=END_RESP addr=0x30 len=4
77367 ps (<) : TargetUCIe peq_cb: BEGIN_RESP from ConvAccel, forwarding to HostUCIe
77367 ps (<) : HostUCIe nb_transport_bw received phase=BEGIN_RESP addr=0x30 len=4
77367 ps (<) : TargetUCIe peq_cb: END_RESP received from HostUCIe
77367 ps (<) : HostUCIe peq_cb: BEGIN_RESP received from downstream target
77367 ps (<) : TargetUCIe nb_transport_fw received phase=END_RESP addr=0x30 len=4
77367 ps (<) : TargetUCIe peq_cb: END_RESP received from HostUCIe
77372 ps (<) : HostUCIe peq_cb: BEGIN_REQ from gem5 bridge
77372 ps (<) : HostUCIe Packing transaction into UCIe flits: cmd=WRITE addr=0x38 len=4 num_flits=1
77372 ps (<) : HostUCIe Sending UCIe flit id=15 addr=0x38 size=4 tail=1
77372 ps (<) : TargetUCIe nb_transport_fw received phase=BEGIN_REQ addr=0x38 len=4
77372 ps (<) : HostUCIe Flit accepted by downstream target
77372 ps (<) : HostUCIe Sending END_REQ back to gem5 bridge
80 ns (=) : HostUCIe nb_transport_fw received phase=BEGIN_REQ addr=0x3c len=4
82036 ps (<) : TargetUCIe peq_cb: BEGIN_REQ from HostUCIe
82036 ps (<) : TargetUCIe Received flit id=14 payload_size=4 tail=1 addr=0x34
82036 ps (<) : TargetUCIe Sending ACK BEGIN_RESP back to HostUCIe
82036 ps (<) : HostUCIe nb_transport_bw received phase=BEGIN_RESP addr=0x34 len=4
82036 ps (<) : TargetUCIe Started reconstructing payload from flits
82036 ps (<) : TargetUCIe Reconstructed length now=4
82036 ps (<) : TargetUCIe Tail flit received. Forwarding reconstructed payload to ConvAccel
82036 ps (<) : ConvAccel nb_transport_fw received phase=BEGIN_REQ cmd=WRITE addr=0x34 len=4
82036 ps (<) : TargetUCIe ConvAccel accepted reconstructed payload
82036 ps (<) : ConvAccel peq_cb BEGIN_REQ cmd=WRITE addr=0x34 len=4
82036 ps (<) : ConvAccel SRAM WRITE using local offset
82036 ps (<) : ConvAccel Sending BEGIN_RESP back to TargetUCIe
82036 ps (<) : TargetUCIe nb_transport_bw received phase=BEGIN_RESP addr=0x34 len=4
82036 ps (<) : HostUCIe peq_cb: BEGIN_RESP received from downstream target
82036 ps (<) : HostUCIe Response extension: flit_id=14 ack=1 nak=0
82036 ps (<) : HostUCIe ACK received: removed flit from retry buffer
82036 ps (<) : TargetUCIe nb_transport_fw received phase=END_RESP addr=0x34 len=4
82036 ps (<) : TargetUCIe peq_cb: BEGIN_RESP from ConvAccel, forwarding to HostUCIe
82036 ps (<) : HostUCIe nb_transport_bw received phase=BEGIN_RESP addr=0x34 len=4
82036 ps (<) : TargetUCIe peq_cb: END_RESP received from HostUCIe
82036 ps (<) : HostUCIe peq_cb: BEGIN_RESP received from downstream target
82036 ps (<) : TargetUCIe nb_transport_fw received phase=END_RESP addr=0x34 len=4
82036 ps (<) : TargetUCIe peq_cb: END_RESP received from HostUCIe
82041 ps (<) : HostUCIe peq_cb: BEGIN_REQ from gem5 bridge
82041 ps (<) : HostUCIe Packing transaction into UCIe flits: cmd=WRITE addr=0x3c len=4 num_flits=1
82041 ps (<) : HostUCIe Sending UCIe flit id=16 addr=0x3c size=4 tail=1
82041 ps (<) : TargetUCIe nb_transport_fw received phase=BEGIN_REQ addr=0x3c len=4
82041 ps (<) : HostUCIe Flit accepted by downstream target
82041 ps (<) : HostUCIe Sending END_REQ back to gem5 bridge
87372 ps (<) : TargetUCIe peq_cb: BEGIN_REQ from HostUCIe
87372 ps (<) : TargetUCIe Received flit id=15 payload_size=4 tail=1 addr=0x38
87372 ps (<) : TargetUCIe Sending ACK BEGIN_RESP back to HostUCIe
87372 ps (<) : HostUCIe nb_transport_bw received phase=BEGIN_RESP addr=0x38 len=4
87372 ps (<) : TargetUCIe Started reconstructing payload from flits
87372 ps (<) : TargetUCIe Reconstructed length now=4
87372 ps (<) : TargetUCIe Tail flit received. Forwarding reconstructed payload to ConvAccel
87372 ps (<) : ConvAccel nb_transport_fw received phase=BEGIN_REQ cmd=WRITE addr=0x38 len=4
87372 ps (<) : TargetUCIe ConvAccel accepted reconstructed payload
87372 ps (<) : ConvAccel peq_cb BEGIN_REQ cmd=WRITE addr=0x38 len=4
87372 ps (<) : ConvAccel SRAM WRITE using local offset
87372 ps (<) : ConvAccel Sending BEGIN_RESP back to TargetUCIe
87372 ps (<) : TargetUCIe nb_transport_bw received phase=BEGIN_RESP addr=0x38 len=4
87372 ps (<) : HostUCIe peq_cb: BEGIN_RESP received from downstream target
87372 ps (<) : HostUCIe Response extension: flit_id=15 ack=1 nak=0
87372 ps (<) : HostUCIe ACK received: removed flit from retry buffer
87372 ps (<) : TargetUCIe nb_transport_fw received phase=END_RESP addr=0x38 len=4
87372 ps (<) : TargetUCIe peq_cb: BEGIN_RESP from ConvAccel, forwarding to HostUCIe
87372 ps (<) : HostUCIe nb_transport_bw received phase=BEGIN_RESP addr=0x38 len=4
87372 ps (<) : TargetUCIe peq_cb: END_RESP received from HostUCIe
87372 ps (<) : HostUCIe peq_cb: BEGIN_RESP received from downstream target
87372 ps (<) : TargetUCIe nb_transport_fw received phase=END_RESP addr=0x38 len=4
87372 ps (<) : TargetUCIe peq_cb: END_RESP received from HostUCIe
92041 ps (<) : TargetUCIe peq_cb: BEGIN_REQ from HostUCIe
92041 ps (<) : TargetUCIe Received flit id=16 payload_size=4 tail=1 addr=0x3c
92041 ps (<) : TargetUCIe Sending ACK BEGIN_RESP back to HostUCIe
92041 ps (<) : HostUCIe nb_transport_bw received phase=BEGIN_RESP addr=0x3c len=4
92041 ps (<) : TargetUCIe Started reconstructing payload from flits
92041 ps (<) : TargetUCIe Reconstructed length now=4
92041 ps (<) : TargetUCIe Tail flit received. Forwarding reconstructed payload to ConvAccel
92041 ps (<) : ConvAccel nb_transport_fw received phase=BEGIN_REQ cmd=WRITE addr=0x3c len=4
92041 ps (<) : TargetUCIe ConvAccel accepted reconstructed payload
92041 ps (<) : ConvAccel peq_cb BEGIN_REQ cmd=WRITE addr=0x3c len=4
92041 ps (<) : ConvAccel SRAM WRITE using local offset
92041 ps (<) : ConvAccel Sending BEGIN_RESP back to TargetUCIe
92041 ps (<) : TargetUCIe nb_transport_bw received phase=BEGIN_RESP addr=0x3c len=4
92041 ps (<) : HostUCIe peq_cb: BEGIN_RESP received from downstream target
92041 ps (<) : HostUCIe Response extension: flit_id=16 ack=1 nak=0
92041 ps (<) : HostUCIe ACK received: removed flit from retry buffer
92041 ps (<) : TargetUCIe nb_transport_fw received phase=END_RESP addr=0x3c len=4
92041 ps (<) : TargetUCIe peq_cb: BEGIN_RESP from ConvAccel, forwarding to HostUCIe
92041 ps (<) : HostUCIe nb_transport_bw received phase=BEGIN_RESP addr=0x3c len=4
92041 ps (<) : TargetUCIe peq_cb: END_RESP received from HostUCIe
92041 ps (<) : HostUCIe peq_cb: BEGIN_RESP received from downstream target
92041 ps (<) : TargetUCIe nb_transport_fw received phase=END_RESP addr=0x3c len=4
92041 ps (<) : TargetUCIe peq_cb: END_RESP received from HostUCIe
1005 ns (=) : HostUCIe nb_transport_fw received phase=BEGIN_REQ addr=0x1000 len=4
1007170 ps (<) : HostUCIe peq_cb: BEGIN_REQ from gem5 bridge
1007170 ps (<) : HostUCIe Packing transaction into UCIe flits: cmd=WRITE addr=0x1000 len=4 num_flits=1
1007170 ps (<) : HostUCIe Sending UCIe flit id=17 addr=0x1000 size=4 tail=1
1007170 ps (<) : TargetUCIe nb_transport_fw received phase=BEGIN_REQ addr=0x1000 len=4
1007170 ps (<) : HostUCIe Flit accepted by downstream target
1007170 ps (<) : HostUCIe Sending END_REQ back to gem5 bridge
1017170 ps (<) : TargetUCIe peq_cb: BEGIN_REQ from HostUCIe
1017170 ps (<) : TargetUCIe Received flit id=17 payload_size=4 tail=1 addr=0x1000
1017170 ps (<) : TargetUCIe Sending ACK BEGIN_RESP back to HostUCIe
1017170 ps (<) : HostUCIe nb_transport_bw received phase=BEGIN_RESP addr=0x1000 len=4
1017170 ps (<) : TargetUCIe Started reconstructing payload from flits
1017170 ps (<) : TargetUCIe Reconstructed length now=4
1017170 ps (<) : TargetUCIe Tail flit received. Forwarding reconstructed payload to ConvAccel
1017170 ps (<) : ConvAccel nb_transport_fw received phase=BEGIN_REQ cmd=WRITE addr=0x1000 len=4
1017170 ps (<) : TargetUCIe ConvAccel accepted reconstructed payload
1017170 ps (<) : ConvAccel peq_cb BEGIN_REQ cmd=WRITE addr=0x1000 len=4
1017170 ps (<) : ConvAccel CONTROL write value=50529027
1017170 ps (<) : ConvAccel Computation started by control write
1017170 ps (<) : ConvAccel Sending BEGIN_RESP back to TargetUCIe
1017170 ps (<) : TargetUCIe nb_transport_bw received phase=BEGIN_RESP addr=0x1000 len=4
1017170 ps (<) : HostUCIe peq_cb: BEGIN_RESP received from downstream target
1017170 ps (<) : HostUCIe Response extension: flit_id=17 ack=1 nak=0
1017170 ps (<) : HostUCIe ACK received: removed flit from retry buffer
1017170 ps (<) : TargetUCIe nb_transport_fw received phase=END_RESP addr=0x1000 len=4
1017170 ps (<) : TargetUCIe peq_cb: BEGIN_RESP from ConvAccel, forwarding to HostUCIe
1017170 ps (<) : HostUCIe nb_transport_bw received phase=BEGIN_RESP addr=0x1000 len=4
1017170 ps (<) : TargetUCIe peq_cb: END_RESP received from HostUCIe
1017170 ps (<) : HostUCIe peq_cb: BEGIN_RESP received from downstream target
1017170 ps (<) : TargetUCIe nb_transport_fw received phase=END_RESP addr=0x1000 len=4
1017170 ps (<) : TargetUCIe peq_cb: END_RESP received from HostUCIe
2005 ns (=) : HostUCIe nb_transport_fw received phase=BEGIN_REQ addr=0x1004 len=4
2007003 ps (<) : HostUCIe peq_cb: BEGIN_REQ from gem5 bridge
2007003 ps (<) : HostUCIe Packing transaction into UCIe flits: cmd=READ addr=0x1004 len=4 num_flits=1
2007003 ps (<) : HostUCIe Sending UCIe flit id=18 addr=0x1004 size=4 tail=1
2007003 ps (<) : TargetUCIe nb_transport_fw received phase=BEGIN_REQ addr=0x1004 len=4
2007003 ps (<) : HostUCIe Flit accepted by downstream target
2007003 ps (<) : HostUCIe Sending END_REQ back to gem5 bridge
2017003 ps (<) : TargetUCIe peq_cb: BEGIN_REQ from HostUCIe
2017003 ps (<) : TargetUCIe Received flit id=18 payload_size=4 tail=1 addr=0x1004
2017003 ps (<) : TargetUCIe Sending ACK BEGIN_RESP back to HostUCIe
2017003 ps (<) : HostUCIe nb_transport_bw received phase=BEGIN_RESP addr=0x1004 len=4
2017003 ps (<) : TargetUCIe Started reconstructing payload from flits
2017003 ps (<) : TargetUCIe Reconstructed length now=4
2017003 ps (<) : TargetUCIe Tail flit received. Forwarding reconstructed payload to ConvAccel
2017003 ps (<) : ConvAccel nb_transport_fw received phase=BEGIN_REQ cmd=READ addr=0x1004 len=4
2017003 ps (<) : TargetUCIe ConvAccel accepted reconstructed payload
2017003 ps (<) : ConvAccel peq_cb BEGIN_REQ cmd=READ addr=0x1004 len=4
2017003 ps (<) : ConvAccel STATUS read value=0
2017003 ps (<) : ConvAccel Sending BEGIN_RESP back to TargetUCIe
2017003 ps (<) : TargetUCIe nb_transport_bw received phase=BEGIN_RESP addr=0x1004 len=4
2017003 ps (<) : HostUCIe peq_cb: BEGIN_RESP received from downstream target
2017003 ps (<) : HostUCIe Response extension: flit_id=18 ack=1 nak=0
2017003 ps (<) : HostUCIe ACK received: removed flit from retry buffer
2017003 ps (<) : TargetUCIe nb_transport_fw received phase=END_RESP addr=0x1004 len=4
2017003 ps (<) : TargetUCIe peq_cb: BEGIN_RESP from ConvAccel, forwarding to HostUCIe
2017003 ps (<) : HostUCIe nb_transport_bw received phase=BEGIN_RESP addr=0x1004 len=4
2017003 ps (<) : TargetUCIe peq_cb: END_RESP received from HostUCIe
2017003 ps (<) : HostUCIe peq_cb: BEGIN_RESP received from downstream target
2017003 ps (<) : TargetUCIe nb_transport_fw received phase=END_RESP addr=0x1004 len=4
2017003 ps (<) : TargetUCIe peq_cb: END_RESP received from HostUCIe
2297170 ps (<) : ConvAccel compute_process started
2297170 ps (<) : ConvAccel compute_process completed; status set to done
3005 ns (=) : HostUCIe nb_transport_fw received phase=BEGIN_REQ addr=0x0 len=4
3007503 ps (<) : HostUCIe peq_cb: BEGIN_REQ from gem5 bridge
3007503 ps (<) : HostUCIe Packing transaction into UCIe flits: cmd=READ addr=0x0 len=4 num_flits=1
3007503 ps (<) : HostUCIe Sending UCIe flit id=19 addr=0x0 size=4 tail=1
3007503 ps (<) : TargetUCIe nb_transport_fw received phase=BEGIN_REQ addr=0x0 len=4
3007503 ps (<) : HostUCIe Flit accepted by downstream target
3007503 ps (<) : HostUCIe Sending END_REQ back to gem5 bridge
3010 ns (=) : HostUCIe nb_transport_fw received phase=BEGIN_REQ addr=0x4 len=4
3012172 ps (<) : HostUCIe peq_cb: BEGIN_REQ from gem5 bridge
3012172 ps (<) : HostUCIe Packing transaction into UCIe flits: cmd=READ addr=0x4 len=4 num_flits=1
3012172 ps (<) : HostUCIe Sending UCIe flit id=20 addr=0x4 size=4 tail=1
3012172 ps (<) : TargetUCIe nb_transport_fw received phase=BEGIN_REQ addr=0x4 len=4
3012172 ps (<) : HostUCIe Flit accepted by downstream target
3012172 ps (<) : HostUCIe Sending END_REQ back to gem5 bridge
3015 ns (=) : HostUCIe nb_transport_fw received phase=BEGIN_REQ addr=0x8 len=4
3017503 ps (<) : TargetUCIe peq_cb: BEGIN_REQ from HostUCIe
3017503 ps (<) : TargetUCIe Received flit id=19 payload_size=4 tail=1 addr=0x0
3017503 ps (<) : TargetUCIe Sending ACK BEGIN_RESP back to HostUCIe
3017503 ps (<) : HostUCIe nb_transport_bw received phase=BEGIN_RESP addr=0x0 len=4
3017503 ps (<) : TargetUCIe Started reconstructing payload from flits
3017503 ps (<) : TargetUCIe Reconstructed length now=4
3017503 ps (<) : TargetUCIe Tail flit received. Forwarding reconstructed payload to ConvAccel
3017503 ps (<) : ConvAccel nb_transport_fw received phase=BEGIN_REQ cmd=READ addr=0x0 len=4
3017503 ps (<) : TargetUCIe ConvAccel accepted reconstructed payload
3017503 ps (<) : ConvAccel peq_cb BEGIN_REQ cmd=READ addr=0x0 len=4
3017503 ps (<) : ConvAccel SRAM READ using local offset
3017503 ps (<) : ConvAccel Sending BEGIN_RESP back to TargetUCIe
3017503 ps (<) : TargetUCIe nb_transport_bw received phase=BEGIN_RESP addr=0x0 len=4
3017503 ps (<) : HostUCIe peq_cb: BEGIN_RESP received from downstream target
3017503 ps (<) : HostUCIe Response extension: flit_id=19 ack=1 nak=0
3017503 ps (<) : HostUCIe ACK received: removed flit from retry buffer
3017503 ps (<) : TargetUCIe nb_transport_fw received phase=END_RESP addr=0x0 len=4
3017503 ps (<) : TargetUCIe peq_cb: BEGIN_RESP from ConvAccel, forwarding to HostUCIe
3017503 ps (<) : HostUCIe nb_transport_bw received phase=BEGIN_RESP addr=0x0 len=4
3017503 ps (<) : TargetUCIe peq_cb: END_RESP received from HostUCIe
3017503 ps (<) : HostUCIe peq_cb: BEGIN_RESP received from downstream target
3017503 ps (<) : TargetUCIe nb_transport_fw received phase=END_RESP addr=0x0 len=4
3017503 ps (<) : TargetUCIe peq_cb: END_RESP received from HostUCIe
3017508 ps (<) : HostUCIe peq_cb: BEGIN_REQ from gem5 bridge
3017508 ps (<) : HostUCIe Packing transaction into UCIe flits: cmd=READ addr=0x8 len=4 num_flits=1
3017508 ps (<) : HostUCIe Sending UCIe flit id=21 addr=0x8 size=4 tail=1
3017508 ps (<) : TargetUCIe nb_transport_fw received phase=BEGIN_REQ addr=0x8 len=4
3017508 ps (<) : HostUCIe Flit accepted by downstream target
3017508 ps (<) : HostUCIe Sending END_REQ back to gem5 bridge
3020 ns (=) : HostUCIe nb_transport_fw received phase=BEGIN_REQ addr=0xc len=4
3022172 ps (<) : TargetUCIe peq_cb: BEGIN_REQ from HostUCIe
3022172 ps (<) : TargetUCIe Received flit id=20 payload_size=4 tail=1 addr=0x4
3022172 ps (<) : TargetUCIe Sending ACK BEGIN_RESP back to HostUCIe
3022172 ps (<) : HostUCIe nb_transport_bw received phase=BEGIN_RESP addr=0x4 len=4
3022172 ps (<) : TargetUCIe Started reconstructing payload from flits
3022172 ps (<) : TargetUCIe Reconstructed length now=4
3022172 ps (<) : TargetUCIe Tail flit received. Forwarding reconstructed payload to ConvAccel
3022172 ps (<) : ConvAccel nb_transport_fw received phase=BEGIN_REQ cmd=READ addr=0x4 len=4
3022172 ps (<) : TargetUCIe ConvAccel accepted reconstructed payload
3022172 ps (<) : ConvAccel peq_cb BEGIN_REQ cmd=READ addr=0x4 len=4
3022172 ps (<) : ConvAccel SRAM READ using local offset
3022172 ps (<) : ConvAccel Sending BEGIN_RESP back to TargetUCIe
3022172 ps (<) : TargetUCIe nb_transport_bw received phase=BEGIN_RESP addr=0x4 len=4
3022172 ps (<) : HostUCIe peq_cb: BEGIN_RESP received from downstream target
3022172 ps (<) : HostUCIe Response extension: flit_id=20 ack=1 nak=0
3022172 ps (<) : HostUCIe ACK received: removed flit from retry buffer
3022172 ps (<) : TargetUCIe nb_transport_fw received phase=END_RESP addr=0x4 len=4
3022172 ps (<) : TargetUCIe peq_cb: BEGIN_RESP from ConvAccel, forwarding to HostUCIe
3022172 ps (<) : HostUCIe nb_transport_bw received phase=BEGIN_RESP addr=0x4 len=4
3022172 ps (<) : TargetUCIe peq_cb: END_RESP received from HostUCIe
3022172 ps (<) : HostUCIe peq_cb: BEGIN_RESP received from downstream target
3022172 ps (<) : TargetUCIe nb_transport_fw received phase=END_RESP addr=0x4 len=4
3022172 ps (<) : TargetUCIe peq_cb: END_RESP received from HostUCIe
3022177 ps (<) : HostUCIe peq_cb: BEGIN_REQ from gem5 bridge
3022177 ps (<) : HostUCIe Packing transaction into UCIe flits: cmd=READ addr=0xc len=4 num_flits=1
3022177 ps (<) : HostUCIe Sending UCIe flit id=22 addr=0xc size=4 tail=1
3022177 ps (<) : TargetUCIe nb_transport_fw received phase=BEGIN_REQ addr=0xc len=4
3022177 ps (<) : HostUCIe Flit accepted by downstream target
3022177 ps (<) : HostUCIe Sending END_REQ back to gem5 bridge
3025 ns (=) : HostUCIe nb_transport_fw received phase=BEGIN_REQ addr=0x10 len=4
3027508 ps (<) : TargetUCIe peq_cb: BEGIN_REQ from HostUCIe
3027508 ps (<) : TargetUCIe Received flit id=21 payload_size=4 tail=1 addr=0x8
3027508 ps (<) : TargetUCIe Sending ACK BEGIN_RESP back to HostUCIe
3027508 ps (<) : HostUCIe nb_transport_bw received phase=BEGIN_RESP addr=0x8 len=4
3027508 ps (<) : TargetUCIe Started reconstructing payload from flits
3027508 ps (<) : TargetUCIe Reconstructed length now=4
3027508 ps (<) : TargetUCIe Tail flit received. Forwarding reconstructed payload to ConvAccel
3027508 ps (<) : ConvAccel nb_transport_fw received phase=BEGIN_REQ cmd=READ addr=0x8 len=4
3027508 ps (<) : TargetUCIe ConvAccel accepted reconstructed payload
3027508 ps (<) : ConvAccel peq_cb BEGIN_REQ cmd=READ addr=0x8 len=4
3027508 ps (<) : ConvAccel SRAM READ using local offset
3027508 ps (<) : ConvAccel Sending BEGIN_RESP back to TargetUCIe
3027508 ps (<) : TargetUCIe nb_transport_bw received phase=BEGIN_RESP addr=0x8 len=4
3027508 ps (<) : HostUCIe peq_cb: BEGIN_RESP received from downstream target
3027508 ps (<) : HostUCIe Response extension: flit_id=21 ack=1 nak=0
3027508 ps (<) : HostUCIe ACK received: removed flit from retry buffer
3027508 ps (<) : TargetUCIe nb_transport_fw received phase=END_RESP addr=0x8 len=4
3027508 ps (<) : TargetUCIe peq_cb: BEGIN_RESP from ConvAccel, forwarding to HostUCIe
3027508 ps (<) : HostUCIe nb_transport_bw received phase=BEGIN_RESP addr=0x8 len=4
3027508 ps (<) : TargetUCIe peq_cb: END_RESP received from HostUCIe
3027508 ps (<) : HostUCIe peq_cb: BEGIN_RESP received from downstream target
3027508 ps (<) : TargetUCIe nb_transport_fw received phase=END_RESP addr=0x8 len=4
3027508 ps (<) : TargetUCIe peq_cb: END_RESP received from HostUCIe
3027513 ps (<) : HostUCIe peq_cb: BEGIN_REQ from gem5 bridge
3027513 ps (<) : HostUCIe Packing transaction into UCIe flits: cmd=READ addr=0x10 len=4 num_flits=1
3027513 ps (<) : HostUCIe Sending UCIe flit id=23 addr=0x10 size=4 tail=1
3027513 ps (<) : TargetUCIe nb_transport_fw received phase=BEGIN_REQ addr=0x10 len=4
3027513 ps (<) : HostUCIe Flit accepted by downstream target
3027513 ps (<) : HostUCIe Sending END_REQ back to gem5 bridge
3030 ns (=) : HostUCIe nb_transport_fw received phase=BEGIN_REQ addr=0x14 len=4
3032177 ps (<) : TargetUCIe peq_cb: BEGIN_REQ from HostUCIe
3032177 ps (<) : TargetUCIe Received flit id=22 payload_size=4 tail=1 addr=0xc
3032177 ps (<) : TargetUCIe Sending ACK BEGIN_RESP back to HostUCIe
3032177 ps (<) : HostUCIe nb_transport_bw received phase=BEGIN_RESP addr=0xc len=4
3032177 ps (<) : TargetUCIe Started reconstructing payload from flits
3032177 ps (<) : TargetUCIe Reconstructed length now=4
3032177 ps (<) : TargetUCIe Tail flit received. Forwarding reconstructed payload to ConvAccel
3032177 ps (<) : ConvAccel nb_transport_fw received phase=BEGIN_REQ cmd=READ addr=0xc len=4
3032177 ps (<) : TargetUCIe ConvAccel accepted reconstructed payload
3032177 ps (<) : ConvAccel peq_cb BEGIN_REQ cmd=READ addr=0xc len=4
3032177 ps (<) : ConvAccel SRAM READ using local offset
3032177 ps (<) : ConvAccel Sending BEGIN_RESP back to TargetUCIe
3032177 ps (<) : TargetUCIe nb_transport_bw received phase=BEGIN_RESP addr=0xc len=4
3032177 ps (<) : HostUCIe peq_cb: BEGIN_RESP received from downstream target
3032177 ps (<) : HostUCIe Response extension: flit_id=22 ack=1 nak=0
3032177 ps (<) : HostUCIe ACK received: removed flit from retry buffer
3032177 ps (<) : TargetUCIe nb_transport_fw received phase=END_RESP addr=0xc len=4
3032177 ps (<) : TargetUCIe peq_cb: BEGIN_RESP from ConvAccel, forwarding to HostUCIe
3032177 ps (<) : HostUCIe nb_transport_bw received phase=BEGIN_RESP addr=0xc len=4
3032177 ps (<) : TargetUCIe peq_cb: END_RESP received from HostUCIe
3032177 ps (<) : HostUCIe peq_cb: BEGIN_RESP received from downstream target
3032177 ps (<) : TargetUCIe nb_transport_fw received phase=END_RESP addr=0xc len=4
3032177 ps (<) : TargetUCIe peq_cb: END_RESP received from HostUCIe
3032182 ps (<) : HostUCIe peq_cb: BEGIN_REQ from gem5 bridge
3032182 ps (<) : HostUCIe Packing transaction into UCIe flits: cmd=READ addr=0x14 len=4 num_flits=1
3032182 ps (<) : HostUCIe Sending UCIe flit id=24 addr=0x14 size=4 tail=1
3032182 ps (<) : TargetUCIe nb_transport_fw received phase=BEGIN_REQ addr=0x14 len=4
3032182 ps (<) : HostUCIe Flit accepted by downstream target
3032182 ps (<) : HostUCIe Sending END_REQ back to gem5 bridge
3035 ns (=) : HostUCIe nb_transport_fw received phase=BEGIN_REQ addr=0x18 len=4
3037513 ps (<) : TargetUCIe peq_cb: BEGIN_REQ from HostUCIe
3037513 ps (<) : TargetUCIe Received flit id=23 payload_size=4 tail=1 addr=0x10
3037513 ps (<) : TargetUCIe Sending ACK BEGIN_RESP back to HostUCIe
3037513 ps (<) : HostUCIe nb_transport_bw received phase=BEGIN_RESP addr=0x10 len=4
3037513 ps (<) : TargetUCIe Started reconstructing payload from flits
3037513 ps (<) : TargetUCIe Reconstructed length now=4
3037513 ps (<) : TargetUCIe Tail flit received. Forwarding reconstructed payload to ConvAccel
3037513 ps (<) : ConvAccel nb_transport_fw received phase=BEGIN_REQ cmd=READ addr=0x10 len=4
3037513 ps (<) : TargetUCIe ConvAccel accepted reconstructed payload
3037513 ps (<) : ConvAccel peq_cb BEGIN_REQ cmd=READ addr=0x10 len=4
3037513 ps (<) : ConvAccel SRAM READ using local offset
3037513 ps (<) : ConvAccel Sending BEGIN_RESP back to TargetUCIe
3037513 ps (<) : TargetUCIe nb_transport_bw received phase=BEGIN_RESP addr=0x10 len=4
3037513 ps (<) : HostUCIe peq_cb: BEGIN_RESP received from downstream target
3037513 ps (<) : HostUCIe Response extension: flit_id=23 ack=1 nak=0
3037513 ps (<) : HostUCIe ACK received: removed flit from retry buffer
3037513 ps (<) : TargetUCIe nb_transport_fw received phase=END_RESP addr=0x10 len=4
3037513 ps (<) : TargetUCIe peq_cb: BEGIN_RESP from ConvAccel, forwarding to HostUCIe
3037513 ps (<) : HostUCIe nb_transport_bw received phase=BEGIN_RESP addr=0x10 len=4
3037513 ps (<) : TargetUCIe peq_cb: END_RESP received from HostUCIe
3037513 ps (<) : HostUCIe peq_cb: BEGIN_RESP received from downstream target
3037513 ps (<) : TargetUCIe nb_transport_fw received phase=END_RESP addr=0x10 len=4
3037513 ps (<) : TargetUCIe peq_cb: END_RESP received from HostUCIe
3037518 ps (<) : HostUCIe peq_cb: BEGIN_REQ from gem5 bridge
3037518 ps (<) : HostUCIe Packing transaction into UCIe flits: cmd=READ addr=0x18 len=4 num_flits=1
3037518 ps (<) : HostUCIe Sending UCIe flit id=25 addr=0x18 size=4 tail=1
3037518 ps (<) : TargetUCIe nb_transport_fw received phase=BEGIN_REQ addr=0x18 len=4
3037518 ps (<) : HostUCIe Flit accepted by downstream target
3037518 ps (<) : HostUCIe Sending END_REQ back to gem5 bridge
3040 ns (=) : HostUCIe nb_transport_fw received phase=BEGIN_REQ addr=0x1c len=4
3042182 ps (<) : TargetUCIe peq_cb: BEGIN_REQ from HostUCIe
3042182 ps (<) : TargetUCIe Received flit id=24 payload_size=4 tail=1 addr=0x14
3042182 ps (<) : TargetUCIe Sending ACK BEGIN_RESP back to HostUCIe
3042182 ps (<) : HostUCIe nb_transport_bw received phase=BEGIN_RESP addr=0x14 len=4
3042182 ps (<) : TargetUCIe Started reconstructing payload from flits
3042182 ps (<) : TargetUCIe Reconstructed length now=4
3042182 ps (<) : TargetUCIe Tail flit received. Forwarding reconstructed payload to ConvAccel
3042182 ps (<) : ConvAccel nb_transport_fw received phase=BEGIN_REQ cmd=READ addr=0x14 len=4
3042182 ps (<) : TargetUCIe ConvAccel accepted reconstructed payload
3042182 ps (<) : ConvAccel peq_cb BEGIN_REQ cmd=READ addr=0x14 len=4
3042182 ps (<) : ConvAccel SRAM READ using local offset
3042182 ps (<) : ConvAccel Sending BEGIN_RESP back to TargetUCIe
3042182 ps (<) : TargetUCIe nb_transport_bw received phase=BEGIN_RESP addr=0x14 len=4
3042182 ps (<) : HostUCIe peq_cb: BEGIN_RESP received from downstream target
3042182 ps (<) : HostUCIe Response extension: flit_id=24 ack=1 nak=0
3042182 ps (<) : HostUCIe ACK received: removed flit from retry buffer
3042182 ps (<) : TargetUCIe nb_transport_fw received phase=END_RESP addr=0x14 len=4
3042182 ps (<) : TargetUCIe peq_cb: BEGIN_RESP from ConvAccel, forwarding to HostUCIe
3042182 ps (<) : HostUCIe nb_transport_bw received phase=BEGIN_RESP addr=0x14 len=4
3042182 ps (<) : TargetUCIe peq_cb: END_RESP received from HostUCIe
3042182 ps (<) : HostUCIe peq_cb: BEGIN_RESP received from downstream target
3042182 ps (<) : TargetUCIe nb_transport_fw received phase=END_RESP addr=0x14 len=4
3042182 ps (<) : TargetUCIe peq_cb: END_RESP received from HostUCIe
3042187 ps (<) : HostUCIe peq_cb: BEGIN_REQ from gem5 bridge
3042187 ps (<) : HostUCIe Packing transaction into UCIe flits: cmd=READ addr=0x1c len=4 num_flits=1
3042187 ps (<) : HostUCIe Sending UCIe flit id=26 addr=0x1c size=4 tail=1
3042187 ps (<) : TargetUCIe nb_transport_fw received phase=BEGIN_REQ addr=0x1c len=4
3042187 ps (<) : HostUCIe Flit accepted by downstream target
3042187 ps (<) : HostUCIe Sending END_REQ back to gem5 bridge
3045 ns (=) : HostUCIe nb_transport_fw received phase=BEGIN_REQ addr=0x20 len=4
3047518 ps (<) : TargetUCIe peq_cb: BEGIN_REQ from HostUCIe
3047518 ps (<) : TargetUCIe Received flit id=25 payload_size=4 tail=1 addr=0x18
3047518 ps (<) : TargetUCIe Sending ACK BEGIN_RESP back to HostUCIe
3047518 ps (<) : HostUCIe nb_transport_bw received phase=BEGIN_RESP addr=0x18 len=4
3047518 ps (<) : TargetUCIe Started reconstructing payload from flits
3047518 ps (<) : TargetUCIe Reconstructed length now=4
3047518 ps (<) : TargetUCIe Tail flit received. Forwarding reconstructed payload to ConvAccel
3047518 ps (<) : ConvAccel nb_transport_fw received phase=BEGIN_REQ cmd=READ addr=0x18 len=4
3047518 ps (<) : TargetUCIe ConvAccel accepted reconstructed payload
3047518 ps (<) : ConvAccel peq_cb BEGIN_REQ cmd=READ addr=0x18 len=4
3047518 ps (<) : ConvAccel SRAM READ using local offset
3047518 ps (<) : ConvAccel Sending BEGIN_RESP back to TargetUCIe
3047518 ps (<) : TargetUCIe nb_transport_bw received phase=BEGIN_RESP addr=0x18 len=4
3047518 ps (<) : HostUCIe peq_cb: BEGIN_RESP received from downstream target
3047518 ps (<) : HostUCIe Response extension: flit_id=25 ack=1 nak=0
3047518 ps (<) : HostUCIe ACK received: removed flit from retry buffer
3047518 ps (<) : TargetUCIe nb_transport_fw received phase=END_RESP addr=0x18 len=4
3047518 ps (<) : TargetUCIe peq_cb: BEGIN_RESP from ConvAccel, forwarding to HostUCIe
3047518 ps (<) : HostUCIe nb_transport_bw received phase=BEGIN_RESP addr=0x18 len=4
3047518 ps (<) : TargetUCIe peq_cb: END_RESP received from HostUCIe
3047518 ps (<) : HostUCIe peq_cb: BEGIN_RESP received from downstream target
3047518 ps (<) : TargetUCIe nb_transport_fw received phase=END_RESP addr=0x18 len=4
3047518 ps (<) : TargetUCIe peq_cb: END_RESP received from HostUCIe
3047523 ps (<) : HostUCIe peq_cb: BEGIN_REQ from gem5 bridge
3047523 ps (<) : HostUCIe Packing transaction into UCIe flits: cmd=READ addr=0x20 len=4 num_flits=1
3047523 ps (<) : HostUCIe Sending UCIe flit id=27 addr=0x20 size=4 tail=1
3047523 ps (<) : TargetUCIe nb_transport_fw received phase=BEGIN_REQ addr=0x20 len=4
3047523 ps (<) : HostUCIe Flit accepted by downstream target
3047523 ps (<) : HostUCIe Sending END_REQ back to gem5 bridge
3050 ns (=) : HostUCIe nb_transport_fw received phase=BEGIN_REQ addr=0x24 len=4
3052187 ps (<) : TargetUCIe peq_cb: BEGIN_REQ from HostUCIe
3052187 ps (<) : TargetUCIe Received flit id=26 payload_size=4 tail=1 addr=0x1c
3052187 ps (<) : TargetUCIe Sending ACK BEGIN_RESP back to HostUCIe
3052187 ps (<) : HostUCIe nb_transport_bw received phase=BEGIN_RESP addr=0x1c len=4
3052187 ps (<) : TargetUCIe Started reconstructing payload from flits
3052187 ps (<) : TargetUCIe Reconstructed length now=4
3052187 ps (<) : TargetUCIe Tail flit received. Forwarding reconstructed payload to ConvAccel
3052187 ps (<) : ConvAccel nb_transport_fw received phase=BEGIN_REQ cmd=READ addr=0x1c len=4
3052187 ps (<) : TargetUCIe ConvAccel accepted reconstructed payload
3052187 ps (<) : ConvAccel peq_cb BEGIN_REQ cmd=READ addr=0x1c len=4
3052187 ps (<) : ConvAccel SRAM READ using local offset
3052187 ps (<) : ConvAccel Sending BEGIN_RESP back to TargetUCIe
3052187 ps (<) : TargetUCIe nb_transport_bw received phase=BEGIN_RESP addr=0x1c len=4
3052187 ps (<) : HostUCIe peq_cb: BEGIN_RESP received from downstream target
3052187 ps (<) : HostUCIe Response extension: flit_id=26 ack=1 nak=0
3052187 ps (<) : HostUCIe ACK received: removed flit from retry buffer
3052187 ps (<) : TargetUCIe nb_transport_fw received phase=END_RESP addr=0x1c len=4
3052187 ps (<) : TargetUCIe peq_cb: BEGIN_RESP from ConvAccel, forwarding to HostUCIe
3052187 ps (<) : HostUCIe nb_transport_bw received phase=BEGIN_RESP addr=0x1c len=4
3052187 ps (<) : TargetUCIe peq_cb: END_RESP received from HostUCIe
3052187 ps (<) : HostUCIe peq_cb: BEGIN_RESP received from downstream target
3052187 ps (<) : TargetUCIe nb_transport_fw received phase=END_RESP addr=0x1c len=4
3052187 ps (<) : TargetUCIe peq_cb: END_RESP received from HostUCIe
3052192 ps (<) : HostUCIe peq_cb: BEGIN_REQ from gem5 bridge
3052192 ps (<) : HostUCIe Packing transaction into UCIe flits: cmd=READ addr=0x24 len=4 num_flits=1
3052192 ps (<) : HostUCIe Sending UCIe flit id=28 addr=0x24 size=4 tail=1
3052192 ps (<) : TargetUCIe nb_transport_fw received phase=BEGIN_REQ addr=0x24 len=4
3052192 ps (<) : HostUCIe Flit accepted by downstream target
3052192 ps (<) : HostUCIe Sending END_REQ back to gem5 bridge
3055 ns (=) : HostUCIe nb_transport_fw received phase=BEGIN_REQ addr=0x28 len=4
3057523 ps (<) : TargetUCIe peq_cb: BEGIN_REQ from HostUCIe
3057523 ps (<) : TargetUCIe Received flit id=27 payload_size=4 tail=1 addr=0x20
3057523 ps (<) : TargetUCIe Sending ACK BEGIN_RESP back to HostUCIe
3057523 ps (<) : HostUCIe nb_transport_bw received phase=BEGIN_RESP addr=0x20 len=4
3057523 ps (<) : TargetUCIe Started reconstructing payload from flits
3057523 ps (<) : TargetUCIe Reconstructed length now=4
3057523 ps (<) : TargetUCIe Tail flit received. Forwarding reconstructed payload to ConvAccel
3057523 ps (<) : ConvAccel nb_transport_fw received phase=BEGIN_REQ cmd=READ addr=0x20 len=4
3057523 ps (<) : TargetUCIe ConvAccel accepted reconstructed payload
3057523 ps (<) : ConvAccel peq_cb BEGIN_REQ cmd=READ addr=0x20 len=4
3057523 ps (<) : ConvAccel SRAM READ using local offset
3057523 ps (<) : ConvAccel Sending BEGIN_RESP back to TargetUCIe
3057523 ps (<) : TargetUCIe nb_transport_bw received phase=BEGIN_RESP addr=0x20 len=4
3057523 ps (<) : HostUCIe peq_cb: BEGIN_RESP received from downstream target
3057523 ps (<) : HostUCIe Response extension: flit_id=27 ack=1 nak=0
3057523 ps (<) : HostUCIe ACK received: removed flit from retry buffer
3057523 ps (<) : TargetUCIe nb_transport_fw received phase=END_RESP addr=0x20 len=4
3057523 ps (<) : TargetUCIe peq_cb: BEGIN_RESP from ConvAccel, forwarding to HostUCIe
3057523 ps (<) : HostUCIe nb_transport_bw received phase=BEGIN_RESP addr=0x20 len=4
3057523 ps (<) : TargetUCIe peq_cb: END_RESP received from HostUCIe
3057523 ps (<) : HostUCIe peq_cb: BEGIN_RESP received from downstream target
3057523 ps (<) : TargetUCIe nb_transport_fw received phase=END_RESP addr=0x20 len=4
3057523 ps (<) : TargetUCIe peq_cb: END_RESP received from HostUCIe
3057528 ps (<) : HostUCIe peq_cb: BEGIN_REQ from gem5 bridge
3057528 ps (<) : HostUCIe Packing transaction into UCIe flits: cmd=READ addr=0x28 len=4 num_flits=1
3057528 ps (<) : HostUCIe Sending UCIe flit id=29 addr=0x28 size=4 tail=1
3057528 ps (<) : TargetUCIe nb_transport_fw received phase=BEGIN_REQ addr=0x28 len=4
3057528 ps (<) : HostUCIe Flit accepted by downstream target
3057528 ps (<) : HostUCIe Sending END_REQ back to gem5 bridge
3060 ns (=) : HostUCIe nb_transport_fw received phase=BEGIN_REQ addr=0x2c len=4
3062192 ps (<) : TargetUCIe peq_cb: BEGIN_REQ from HostUCIe
3062192 ps (<) : TargetUCIe Received flit id=28 payload_size=4 tail=1 addr=0x24
3062192 ps (<) : TargetUCIe Sending ACK BEGIN_RESP back to HostUCIe
3062192 ps (<) : HostUCIe nb_transport_bw received phase=BEGIN_RESP addr=0x24 len=4
3062192 ps (<) : TargetUCIe Started reconstructing payload from flits
3062192 ps (<) : TargetUCIe Reconstructed length now=4
3062192 ps (<) : TargetUCIe Tail flit received. Forwarding reconstructed payload to ConvAccel
3062192 ps (<) : ConvAccel nb_transport_fw received phase=BEGIN_REQ cmd=READ addr=0x24 len=4
3062192 ps (<) : TargetUCIe ConvAccel accepted reconstructed payload
3062192 ps (<) : ConvAccel peq_cb BEGIN_REQ cmd=READ addr=0x24 len=4
3062192 ps (<) : ConvAccel SRAM READ using local offset
3062192 ps (<) : ConvAccel Sending BEGIN_RESP back to TargetUCIe
3062192 ps (<) : TargetUCIe nb_transport_bw received phase=BEGIN_RESP addr=0x24 len=4
3062192 ps (<) : HostUCIe peq_cb: BEGIN_RESP received from downstream target
3062192 ps (<) : HostUCIe Response extension: flit_id=28 ack=1 nak=0
3062192 ps (<) : HostUCIe ACK received: removed flit from retry buffer
3062192 ps (<) : TargetUCIe nb_transport_fw received phase=END_RESP addr=0x24 len=4
3062192 ps (<) : TargetUCIe peq_cb: BEGIN_RESP from ConvAccel, forwarding to HostUCIe
3062192 ps (<) : HostUCIe nb_transport_bw received phase=BEGIN_RESP addr=0x24 len=4
3062192 ps (<) : TargetUCIe peq_cb: END_RESP received from HostUCIe
3062192 ps (<) : HostUCIe peq_cb: BEGIN_RESP received from downstream target
3062192 ps (<) : TargetUCIe nb_transport_fw received phase=END_RESP addr=0x24 len=4
3062192 ps (<) : TargetUCIe peq_cb: END_RESP received from HostUCIe
3062197 ps (<) : HostUCIe peq_cb: BEGIN_REQ from gem5 bridge
3062197 ps (<) : HostUCIe Packing transaction into UCIe flits: cmd=READ addr=0x2c len=4 num_flits=1
3062197 ps (<) : HostUCIe Sending UCIe flit id=30 addr=0x2c size=4 tail=1
3062197 ps (<) : TargetUCIe nb_transport_fw received phase=BEGIN_REQ addr=0x2c len=4
3062197 ps (<) : HostUCIe Flit accepted by downstream target
3062197 ps (<) : HostUCIe Sending END_REQ back to gem5 bridge
3065 ns (=) : HostUCIe nb_transport_fw received phase=BEGIN_REQ addr=0x30 len=4
3067528 ps (<) : TargetUCIe peq_cb: BEGIN_REQ from HostUCIe
3067528 ps (<) : TargetUCIe Received flit id=29 payload_size=4 tail=1 addr=0x28
3067528 ps (<) : TargetUCIe Sending ACK BEGIN_RESP back to HostUCIe
3067528 ps (<) : HostUCIe nb_transport_bw received phase=BEGIN_RESP addr=0x28 len=4
3067528 ps (<) : TargetUCIe Started reconstructing payload from flits
3067528 ps (<) : TargetUCIe Reconstructed length now=4
3067528 ps (<) : TargetUCIe Tail flit received. Forwarding reconstructed payload to ConvAccel
3067528 ps (<) : ConvAccel nb_transport_fw received phase=BEGIN_REQ cmd=READ addr=0x28 len=4
3067528 ps (<) : TargetUCIe ConvAccel accepted reconstructed payload
3067528 ps (<) : ConvAccel peq_cb BEGIN_REQ cmd=READ addr=0x28 len=4
3067528 ps (<) : ConvAccel SRAM READ using local offset
3067528 ps (<) : ConvAccel Sending BEGIN_RESP back to TargetUCIe
3067528 ps (<) : TargetUCIe nb_transport_bw received phase=BEGIN_RESP addr=0x28 len=4
3067528 ps (<) : HostUCIe peq_cb: BEGIN_RESP received from downstream target
3067528 ps (<) : HostUCIe Response extension: flit_id=29 ack=1 nak=0
3067528 ps (<) : HostUCIe ACK received: removed flit from retry buffer
3067528 ps (<) : TargetUCIe nb_transport_fw received phase=END_RESP addr=0x28 len=4
3067528 ps (<) : TargetUCIe peq_cb: BEGIN_RESP from ConvAccel, forwarding to HostUCIe
3067528 ps (<) : HostUCIe nb_transport_bw received phase=BEGIN_RESP addr=0x28 len=4
3067528 ps (<) : TargetUCIe peq_cb: END_RESP received from HostUCIe
3067528 ps (<) : HostUCIe peq_cb: BEGIN_RESP received from downstream target
3067528 ps (<) : TargetUCIe nb_transport_fw received phase=END_RESP addr=0x28 len=4
3067528 ps (<) : TargetUCIe peq_cb: END_RESP received from HostUCIe
3067533 ps (<) : HostUCIe peq_cb: BEGIN_REQ from gem5 bridge
3067533 ps (<) : HostUCIe Packing transaction into UCIe flits: cmd=READ addr=0x30 len=4 num_flits=1
3067533 ps (<) : HostUCIe Sending UCIe flit id=31 addr=0x30 size=4 tail=1
3067533 ps (<) : TargetUCIe nb_transport_fw received phase=BEGIN_REQ addr=0x30 len=4
3067533 ps (<) : HostUCIe Flit accepted by downstream target
3067533 ps (<) : HostUCIe Sending END_REQ back to gem5 bridge
3070 ns (=) : HostUCIe nb_transport_fw received phase=BEGIN_REQ addr=0x34 len=4
3072197 ps (<) : TargetUCIe peq_cb: BEGIN_REQ from HostUCIe
3072197 ps (<) : TargetUCIe Received flit id=30 payload_size=4 tail=1 addr=0x2c
3072197 ps (<) : TargetUCIe Sending ACK BEGIN_RESP back to HostUCIe
3072197 ps (<) : HostUCIe nb_transport_bw received phase=BEGIN_RESP addr=0x2c len=4
3072197 ps (<) : TargetUCIe Started reconstructing payload from flits
3072197 ps (<) : TargetUCIe Reconstructed length now=4
3072197 ps (<) : TargetUCIe Tail flit received. Forwarding reconstructed payload to ConvAccel
3072197 ps (<) : ConvAccel nb_transport_fw received phase=BEGIN_REQ cmd=READ addr=0x2c len=4
3072197 ps (<) : TargetUCIe ConvAccel accepted reconstructed payload
3072197 ps (<) : ConvAccel peq_cb BEGIN_REQ cmd=READ addr=0x2c len=4
3072197 ps (<) : ConvAccel SRAM READ using local offset
3072197 ps (<) : ConvAccel Sending BEGIN_RESP back to TargetUCIe
3072197 ps (<) : TargetUCIe nb_transport_bw received phase=BEGIN_RESP addr=0x2c len=4
3072197 ps (<) : HostUCIe peq_cb: BEGIN_RESP received from downstream target
3072197 ps (<) : HostUCIe Response extension: flit_id=30 ack=1 nak=0
3072197 ps (<) : HostUCIe ACK received: removed flit from retry buffer
3072197 ps (<) : TargetUCIe nb_transport_fw received phase=END_RESP addr=0x2c len=4
3072197 ps (<) : TargetUCIe peq_cb: BEGIN_RESP from ConvAccel, forwarding to HostUCIe
3072197 ps (<) : HostUCIe nb_transport_bw received phase=BEGIN_RESP addr=0x2c len=4
3072197 ps (<) : TargetUCIe peq_cb: END_RESP received from HostUCIe
3072197 ps (<) : HostUCIe peq_cb: BEGIN_RESP received from downstream target
3072197 ps (<) : TargetUCIe nb_transport_fw received phase=END_RESP addr=0x2c len=4
3072197 ps (<) : TargetUCIe peq_cb: END_RESP received from HostUCIe
3072202 ps (<) : HostUCIe peq_cb: BEGIN_REQ from gem5 bridge
3072202 ps (<) : HostUCIe Packing transaction into UCIe flits: cmd=READ addr=0x34 len=4 num_flits=1
3072202 ps (<) : HostUCIe Sending UCIe flit id=32 addr=0x34 size=4 tail=1
3072202 ps (<) : TargetUCIe nb_transport_fw received phase=BEGIN_REQ addr=0x34 len=4
3072202 ps (<) : HostUCIe Flit accepted by downstream target
3072202 ps (<) : HostUCIe Sending END_REQ back to gem5 bridge
3075 ns (=) : HostUCIe nb_transport_fw received phase=BEGIN_REQ addr=0x38 len=4
3077533 ps (<) : TargetUCIe peq_cb: BEGIN_REQ from HostUCIe
3077533 ps (<) : TargetUCIe Received flit id=31 payload_size=4 tail=1 addr=0x30
3077533 ps (<) : TargetUCIe Sending ACK BEGIN_RESP back to HostUCIe
3077533 ps (<) : HostUCIe nb_transport_bw received phase=BEGIN_RESP addr=0x30 len=4
3077533 ps (<) : TargetUCIe Started reconstructing payload from flits
3077533 ps (<) : TargetUCIe Reconstructed length now=4
3077533 ps (<) : TargetUCIe Tail flit received. Forwarding reconstructed payload to ConvAccel
3077533 ps (<) : ConvAccel nb_transport_fw received phase=BEGIN_REQ cmd=READ addr=0x30 len=4
3077533 ps (<) : TargetUCIe ConvAccel accepted reconstructed payload
3077533 ps (<) : ConvAccel peq_cb BEGIN_REQ cmd=READ addr=0x30 len=4
3077533 ps (<) : ConvAccel SRAM READ using local offset
3077533 ps (<) : ConvAccel Sending BEGIN_RESP back to TargetUCIe
3077533 ps (<) : TargetUCIe nb_transport_bw received phase=BEGIN_RESP addr=0x30 len=4
3077533 ps (<) : HostUCIe peq_cb: BEGIN_RESP received from downstream target
3077533 ps (<) : HostUCIe Response extension: flit_id=31 ack=1 nak=0
3077533 ps (<) : HostUCIe ACK received: removed flit from retry buffer
3077533 ps (<) : TargetUCIe nb_transport_fw received phase=END_RESP addr=0x30 len=4
3077533 ps (<) : TargetUCIe peq_cb: BEGIN_RESP from ConvAccel, forwarding to HostUCIe
3077533 ps (<) : HostUCIe nb_transport_bw received phase=BEGIN_RESP addr=0x30 len=4
3077533 ps (<) : TargetUCIe peq_cb: END_RESP received from HostUCIe
3077533 ps (<) : HostUCIe peq_cb: BEGIN_RESP received from downstream target
3077533 ps (<) : TargetUCIe nb_transport_fw received phase=END_RESP addr=0x30 len=4
3077533 ps (<) : TargetUCIe peq_cb: END_RESP received from HostUCIe
3077538 ps (<) : HostUCIe peq_cb: BEGIN_REQ from gem5 bridge
3077538 ps (<) : HostUCIe Packing transaction into UCIe flits: cmd=READ addr=0x38 len=4 num_flits=1
3077538 ps (<) : HostUCIe Sending UCIe flit id=33 addr=0x38 size=4 tail=1
3077538 ps (<) : TargetUCIe nb_transport_fw received phase=BEGIN_REQ addr=0x38 len=4
3077538 ps (<) : HostUCIe Flit accepted by downstream target
3077538 ps (<) : HostUCIe Sending END_REQ back to gem5 bridge
3080 ns (=) : HostUCIe nb_transport_fw received phase=BEGIN_REQ addr=0x3c len=4
3082202 ps (<) : TargetUCIe peq_cb: BEGIN_REQ from HostUCIe
3082202 ps (<) : TargetUCIe Received flit id=32 payload_size=4 tail=1 addr=0x34
3082202 ps (<) : TargetUCIe Sending ACK BEGIN_RESP back to HostUCIe
3082202 ps (<) : HostUCIe nb_transport_bw received phase=BEGIN_RESP addr=0x34 len=4
3082202 ps (<) : TargetUCIe Started reconstructing payload from flits
3082202 ps (<) : TargetUCIe Reconstructed length now=4
3082202 ps (<) : TargetUCIe Tail flit received. Forwarding reconstructed payload to ConvAccel
3082202 ps (<) : ConvAccel nb_transport_fw received phase=BEGIN_REQ cmd=READ addr=0x34 len=4
3082202 ps (<) : TargetUCIe ConvAccel accepted reconstructed payload
3082202 ps (<) : ConvAccel peq_cb BEGIN_REQ cmd=READ addr=0x34 len=4
3082202 ps (<) : ConvAccel SRAM READ using local offset
3082202 ps (<) : ConvAccel Sending BEGIN_RESP back to TargetUCIe
3082202 ps (<) : TargetUCIe nb_transport_bw received phase=BEGIN_RESP addr=0x34 len=4
3082202 ps (<) : HostUCIe peq_cb: BEGIN_RESP received from downstream target
3082202 ps (<) : HostUCIe Response extension: flit_id=32 ack=1 nak=0
3082202 ps (<) : HostUCIe ACK received: removed flit from retry buffer
3082202 ps (<) : TargetUCIe nb_transport_fw received phase=END_RESP addr=0x34 len=4
3082202 ps (<) : TargetUCIe peq_cb: BEGIN_RESP from ConvAccel, forwarding to HostUCIe
3082202 ps (<) : HostUCIe nb_transport_bw received phase=BEGIN_RESP addr=0x34 len=4
3082202 ps (<) : TargetUCIe peq_cb: END_RESP received from HostUCIe
3082202 ps (<) : HostUCIe peq_cb: BEGIN_RESP received from downstream target
3082202 ps (<) : TargetUCIe nb_transport_fw received phase=END_RESP addr=0x34 len=4
3082202 ps (<) : TargetUCIe peq_cb: END_RESP received from HostUCIe
3082207 ps (<) : HostUCIe peq_cb: BEGIN_REQ from gem5 bridge
3082207 ps (<) : HostUCIe Packing transaction into UCIe flits: cmd=READ addr=0x3c len=4 num_flits=1
3082207 ps (<) : HostUCIe Sending UCIe flit id=34 addr=0x3c size=4 tail=1
3082207 ps (<) : TargetUCIe nb_transport_fw received phase=BEGIN_REQ addr=0x3c len=4
3082207 ps (<) : HostUCIe Flit accepted by downstream target
3082207 ps (<) : HostUCIe Sending END_REQ back to gem5 bridge
3087538 ps (<) : TargetUCIe peq_cb: BEGIN_REQ from HostUCIe
3087538 ps (<) : TargetUCIe Received flit id=33 payload_size=4 tail=1 addr=0x38
3087538 ps (<) : TargetUCIe Sending ACK BEGIN_RESP back to HostUCIe
3087538 ps (<) : HostUCIe nb_transport_bw received phase=BEGIN_RESP addr=0x38 len=4
3087538 ps (<) : TargetUCIe Started reconstructing payload from flits
3087538 ps (<) : TargetUCIe Reconstructed length now=4
3087538 ps (<) : TargetUCIe Tail flit received. Forwarding reconstructed payload to ConvAccel
3087538 ps (<) : ConvAccel nb_transport_fw received phase=BEGIN_REQ cmd=READ addr=0x38 len=4
3087538 ps (<) : TargetUCIe ConvAccel accepted reconstructed payload
3087538 ps (<) : ConvAccel peq_cb BEGIN_REQ cmd=READ addr=0x38 len=4
3087538 ps (<) : ConvAccel SRAM READ using local offset
3087538 ps (<) : ConvAccel Sending BEGIN_RESP back to TargetUCIe
3087538 ps (<) : TargetUCIe nb_transport_bw received phase=BEGIN_RESP addr=0x38 len=4
3087538 ps (<) : HostUCIe peq_cb: BEGIN_RESP received from downstream target
3087538 ps (<) : HostUCIe Response extension: flit_id=33 ack=1 nak=0
3087538 ps (<) : HostUCIe ACK received: removed flit from retry buffer
3087538 ps (<) : TargetUCIe nb_transport_fw received phase=END_RESP addr=0x38 len=4
3087538 ps (<) : TargetUCIe peq_cb: BEGIN_RESP from ConvAccel, forwarding to HostUCIe
3087538 ps (<) : HostUCIe nb_transport_bw received phase=BEGIN_RESP addr=0x38 len=4
3087538 ps (<) : TargetUCIe peq_cb: END_RESP received from HostUCIe
3087538 ps (<) : HostUCIe peq_cb: BEGIN_RESP received from downstream target
3087538 ps (<) : TargetUCIe nb_transport_fw received phase=END_RESP addr=0x38 len=4
3087538 ps (<) : TargetUCIe peq_cb: END_RESP received from HostUCIe
3092207 ps (<) : TargetUCIe peq_cb: BEGIN_REQ from HostUCIe
3092207 ps (<) : TargetUCIe Received flit id=34 payload_size=4 tail=1 addr=0x3c
3092207 ps (<) : TargetUCIe Sending ACK BEGIN_RESP back to HostUCIe
3092207 ps (<) : HostUCIe nb_transport_bw received phase=BEGIN_RESP addr=0x3c len=4
3092207 ps (<) : TargetUCIe Started reconstructing payload from flits
3092207 ps (<) : TargetUCIe Reconstructed length now=4
3092207 ps (<) : TargetUCIe Tail flit received. Forwarding reconstructed payload to ConvAccel
3092207 ps (<) : ConvAccel nb_transport_fw received phase=BEGIN_REQ cmd=READ addr=0x3c len=4
3092207 ps (<) : TargetUCIe ConvAccel accepted reconstructed payload
3092207 ps (<) : ConvAccel peq_cb BEGIN_REQ cmd=READ addr=0x3c len=4
3092207 ps (<) : ConvAccel SRAM READ using local offset
3092207 ps (<) : ConvAccel Sending BEGIN_RESP back to TargetUCIe
3092207 ps (<) : TargetUCIe nb_transport_bw received phase=BEGIN_RESP addr=0x3c len=4
3092207 ps (<) : HostUCIe peq_cb: BEGIN_RESP received from downstream target
3092207 ps (<) : HostUCIe Response extension: flit_id=34 ack=1 nak=0
3092207 ps (<) : HostUCIe ACK received: removed flit from retry buffer
3092207 ps (<) : TargetUCIe nb_transport_fw received phase=END_RESP addr=0x3c len=4
3092207 ps (<) : TargetUCIe peq_cb: BEGIN_RESP from ConvAccel, forwarding to HostUCIe
3092207 ps (<) : HostUCIe nb_transport_bw received phase=BEGIN_RESP addr=0x3c len=4
3092207 ps (<) : TargetUCIe peq_cb: END_RESP received from HostUCIe
3092207 ps (<) : HostUCIe peq_cb: BEGIN_RESP received from downstream target
3092207 ps (<) : TargetUCIe nb_transport_fw received phase=END_RESP addr=0x3c len=4
3092207 ps (<) : TargetUCIe peq_cb: END_RESP received from HostUCIe
4005 ns (=) : HostUCIe nb_transport_fw received phase=BEGIN_REQ addr=0x0 len=4
4007336 ps (<) : HostUCIe peq_cb: BEGIN_REQ from gem5 bridge
4007336 ps (<) : HostUCIe Packing transaction into UCIe flits: cmd=READ addr=0x0 len=4 num_flits=1
4007336 ps (<) : HostUCIe Sending UCIe flit id=35 addr=0x0 size=4 tail=1
4007336 ps (<) : TargetUCIe nb_transport_fw received phase=BEGIN_REQ addr=0x0 len=4
4007336 ps (<) : HostUCIe Flit accepted by downstream target
4007336 ps (<) : HostUCIe Sending END_REQ back to gem5 bridge
4010 ns (=) : HostUCIe nb_transport_fw received phase=BEGIN_REQ addr=0x4 len=4
4012005 ps (<) : HostUCIe peq_cb: BEGIN_REQ from gem5 bridge
4012005 ps (<) : HostUCIe Packing transaction into UCIe flits: cmd=READ addr=0x4 len=4 num_flits=1
4012005 ps (<) : HostUCIe Sending UCIe flit id=36 addr=0x4 size=4 tail=1
4012005 ps (<) : TargetUCIe nb_transport_fw received phase=BEGIN_REQ addr=0x4 len=4
4012005 ps (<) : HostUCIe Flit accepted by downstream target
4012005 ps (<) : HostUCIe Sending END_REQ back to gem5 bridge
4015 ns (=) : HostUCIe nb_transport_fw received phase=BEGIN_REQ addr=0x8 len=4
4017336 ps (<) : TargetUCIe peq_cb: BEGIN_REQ from HostUCIe
4017336 ps (<) : TargetUCIe Received flit id=35 payload_size=4 tail=1 addr=0x0
4017336 ps (<) : TargetUCIe Sending ACK BEGIN_RESP back to HostUCIe
4017336 ps (<) : HostUCIe nb_transport_bw received phase=BEGIN_RESP addr=0x0 len=4
4017336 ps (<) : TargetUCIe Started reconstructing payload from flits
4017336 ps (<) : TargetUCIe Reconstructed length now=4
4017336 ps (<) : TargetUCIe Tail flit received. Forwarding reconstructed payload to ConvAccel
4017336 ps (<) : ConvAccel nb_transport_fw received phase=BEGIN_REQ cmd=READ addr=0x0 len=4
4017336 ps (<) : TargetUCIe ConvAccel accepted reconstructed payload
4017336 ps (<) : ConvAccel peq_cb BEGIN_REQ cmd=READ addr=0x0 len=4
4017336 ps (<) : ConvAccel SRAM READ using local offset
4017336 ps (<) : ConvAccel Sending BEGIN_RESP back to TargetUCIe
4017336 ps (<) : TargetUCIe nb_transport_bw received phase=BEGIN_RESP addr=0x0 len=4
4017336 ps (<) : HostUCIe peq_cb: BEGIN_RESP received from downstream target
4017336 ps (<) : HostUCIe Response extension: flit_id=35 ack=1 nak=0
4017336 ps (<) : HostUCIe ACK received: removed flit from retry buffer
4017336 ps (<) : TargetUCIe nb_transport_fw received phase=END_RESP addr=0x0 len=4
4017336 ps (<) : TargetUCIe peq_cb: BEGIN_RESP from ConvAccel, forwarding to HostUCIe
4017336 ps (<) : HostUCIe nb_transport_bw received phase=BEGIN_RESP addr=0x0 len=4
4017336 ps (<) : TargetUCIe peq_cb: END_RESP received from HostUCIe
4017336 ps (<) : HostUCIe peq_cb: BEGIN_RESP received from downstream target
4017336 ps (<) : TargetUCIe nb_transport_fw received phase=END_RESP addr=0x0 len=4
4017336 ps (<) : TargetUCIe peq_cb: END_RESP received from HostUCIe
4017341 ps (<) : HostUCIe peq_cb: BEGIN_REQ from gem5 bridge
4017341 ps (<) : HostUCIe Packing transaction into UCIe flits: cmd=READ addr=0x8 len=4 num_flits=1
4017341 ps (<) : HostUCIe Sending UCIe flit id=37 addr=0x8 size=4 tail=1
4017341 ps (<) : TargetUCIe nb_transport_fw received phase=BEGIN_REQ addr=0x8 len=4
4017341 ps (<) : HostUCIe Flit accepted by downstream target
4017341 ps (<) : HostUCIe Sending END_REQ back to gem5 bridge
4020 ns (=) : HostUCIe nb_transport_fw received phase=BEGIN_REQ addr=0xc len=4
4022005 ps (<) : TargetUCIe peq_cb: BEGIN_REQ from HostUCIe
4022005 ps (<) : TargetUCIe Received flit id=36 payload_size=4 tail=1 addr=0x4
4022005 ps (<) : TargetUCIe Sending ACK BEGIN_RESP back to HostUCIe
4022005 ps (<) : HostUCIe nb_transport_bw received phase=BEGIN_RESP addr=0x4 len=4
4022005 ps (<) : TargetUCIe Started reconstructing payload from flits
4022005 ps (<) : TargetUCIe Reconstructed length now=4
4022005 ps (<) : TargetUCIe Tail flit received. Forwarding reconstructed payload to ConvAccel
4022005 ps (<) : ConvAccel nb_transport_fw received phase=BEGIN_REQ cmd=READ addr=0x4 len=4
4022005 ps (<) : TargetUCIe ConvAccel accepted reconstructed payload
4022005 ps (<) : ConvAccel peq_cb BEGIN_REQ cmd=READ addr=0x4 len=4
4022005 ps (<) : ConvAccel SRAM READ using local offset
4022005 ps (<) : ConvAccel Sending BEGIN_RESP back to TargetUCIe
4022005 ps (<) : TargetUCIe nb_transport_bw received phase=BEGIN_RESP addr=0x4 len=4
4022005 ps (<) : HostUCIe peq_cb: BEGIN_RESP received from downstream target
4022005 ps (<) : HostUCIe Response extension: flit_id=36 ack=1 nak=0
4022005 ps (<) : HostUCIe ACK received: removed flit from retry buffer
4022005 ps (<) : TargetUCIe nb_transport_fw received phase=END_RESP addr=0x4 len=4
4022005 ps (<) : TargetUCIe peq_cb: BEGIN_RESP from ConvAccel, forwarding to HostUCIe
4022005 ps (<) : HostUCIe nb_transport_bw received phase=BEGIN_RESP addr=0x4 len=4
4022005 ps (<) : TargetUCIe peq_cb: END_RESP received from HostUCIe
4022005 ps (<) : HostUCIe peq_cb: BEGIN_RESP received from downstream target
4022005 ps (<) : TargetUCIe nb_transport_fw received phase=END_RESP addr=0x4 len=4
4022005 ps (<) : TargetUCIe peq_cb: END_RESP received from HostUCIe
4022010 ps (<) : HostUCIe peq_cb: BEGIN_REQ from gem5 bridge
4022010 ps (<) : HostUCIe Packing transaction into UCIe flits: cmd=READ addr=0xc len=4 num_flits=1
4022010 ps (<) : HostUCIe Sending UCIe flit id=38 addr=0xc size=4 tail=1
4022010 ps (<) : TargetUCIe nb_transport_fw received phase=BEGIN_REQ addr=0xc len=4
4022010 ps (<) : HostUCIe Flit accepted by downstream target
4022010 ps (<) : HostUCIe Sending END_REQ back to gem5 bridge
4025 ns (=) : HostUCIe nb_transport_fw received phase=BEGIN_REQ addr=0x10 len=4
4027341 ps (<) : TargetUCIe peq_cb: BEGIN_REQ from HostUCIe
4027341 ps (<) : TargetUCIe Received flit id=37 payload_size=4 tail=1 addr=0x8
4027341 ps (<) : TargetUCIe Sending ACK BEGIN_RESP back to HostUCIe
4027341 ps (<) : HostUCIe nb_transport_bw received phase=BEGIN_RESP addr=0x8 len=4
4027341 ps (<) : TargetUCIe Started reconstructing payload from flits
4027341 ps (<) : TargetUCIe Reconstructed length now=4
4027341 ps (<) : TargetUCIe Tail flit received. Forwarding reconstructed payload to ConvAccel
4027341 ps (<) : ConvAccel nb_transport_fw received phase=BEGIN_REQ cmd=READ addr=0x8 len=4
4027341 ps (<) : TargetUCIe ConvAccel accepted reconstructed payload
4027341 ps (<) : ConvAccel peq_cb BEGIN_REQ cmd=READ addr=0x8 len=4
4027341 ps (<) : ConvAccel SRAM READ using local offset
4027341 ps (<) : ConvAccel Sending BEGIN_RESP back to TargetUCIe
4027341 ps (<) : TargetUCIe nb_transport_bw received phase=BEGIN_RESP addr=0x8 len=4
4027341 ps (<) : HostUCIe peq_cb: BEGIN_RESP received from downstream target
4027341 ps (<) : HostUCIe Response extension: flit_id=37 ack=1 nak=0
4027341 ps (<) : HostUCIe ACK received: removed flit from retry buffer
4027341 ps (<) : TargetUCIe nb_transport_fw received phase=END_RESP addr=0x8 len=4
4027341 ps (<) : TargetUCIe peq_cb: BEGIN_RESP from ConvAccel, forwarding to HostUCIe
4027341 ps (<) : HostUCIe nb_transport_bw received phase=BEGIN_RESP addr=0x8 len=4
4027341 ps (<) : TargetUCIe peq_cb: END_RESP received from HostUCIe
4027341 ps (<) : HostUCIe peq_cb: BEGIN_RESP received from downstream target
4027341 ps (<) : TargetUCIe nb_transport_fw received phase=END_RESP addr=0x8 len=4
4027341 ps (<) : TargetUCIe peq_cb: END_RESP received from HostUCIe
4027346 ps (<) : HostUCIe peq_cb: BEGIN_REQ from gem5 bridge
4027346 ps (<) : HostUCIe Packing transaction into UCIe flits: cmd=READ addr=0x10 len=4 num_flits=1
4027346 ps (<) : HostUCIe Sending UCIe flit id=39 addr=0x10 size=4 tail=1
4027346 ps (<) : TargetUCIe nb_transport_fw received phase=BEGIN_REQ addr=0x10 len=4
4027346 ps (<) : HostUCIe Flit accepted by downstream target
4027346 ps (<) : HostUCIe Sending END_REQ back to gem5 bridge
4030 ns (=) : HostUCIe nb_transport_fw received phase=BEGIN_REQ addr=0x14 len=4
4032010 ps (<) : TargetUCIe peq_cb: BEGIN_REQ from HostUCIe
4032010 ps (<) : TargetUCIe Received flit id=38 payload_size=4 tail=1 addr=0xc
4032010 ps (<) : TargetUCIe Sending ACK BEGIN_RESP back to HostUCIe
4032010 ps (<) : HostUCIe nb_transport_bw received phase=BEGIN_RESP addr=0xc len=4
4032010 ps (<) : TargetUCIe Started reconstructing payload from flits
4032010 ps (<) : TargetUCIe Reconstructed length now=4
4032010 ps (<) : TargetUCIe Tail flit received. Forwarding reconstructed payload to ConvAccel
4032010 ps (<) : ConvAccel nb_transport_fw received phase=BEGIN_REQ cmd=READ addr=0xc len=4
4032010 ps (<) : TargetUCIe ConvAccel accepted reconstructed payload
4032010 ps (<) : ConvAccel peq_cb BEGIN_REQ cmd=READ addr=0xc len=4
4032010 ps (<) : ConvAccel SRAM READ using local offset
4032010 ps (<) : ConvAccel Sending BEGIN_RESP back to TargetUCIe
4032010 ps (<) : TargetUCIe nb_transport_bw received phase=BEGIN_RESP addr=0xc len=4
4032010 ps (<) : HostUCIe peq_cb: BEGIN_RESP received from downstream target
4032010 ps (<) : HostUCIe Response extension: flit_id=38 ack=1 nak=0
4032010 ps (<) : HostUCIe ACK received: removed flit from retry buffer
4032010 ps (<) : TargetUCIe nb_transport_fw received phase=END_RESP addr=0xc len=4
4032010 ps (<) : TargetUCIe peq_cb: BEGIN_RESP from ConvAccel, forwarding to HostUCIe
4032010 ps (<) : HostUCIe nb_transport_bw received phase=BEGIN_RESP addr=0xc len=4
4032010 ps (<) : TargetUCIe peq_cb: END_RESP received from HostUCIe
4032010 ps (<) : HostUCIe peq_cb: BEGIN_RESP received from downstream target
4032010 ps (<) : TargetUCIe nb_transport_fw received phase=END_RESP addr=0xc len=4
4032010 ps (<) : TargetUCIe peq_cb: END_RESP received from HostUCIe
4032015 ps (<) : HostUCIe peq_cb: BEGIN_REQ from gem5 bridge
4032015 ps (<) : HostUCIe Packing transaction into UCIe flits: cmd=READ addr=0x14 len=4 num_flits=1
4032015 ps (<) : HostUCIe Sending UCIe flit id=40 addr=0x14 size=4 tail=1
4032015 ps (<) : TargetUCIe nb_transport_fw received phase=BEGIN_REQ addr=0x14 len=4
4032015 ps (<) : HostUCIe Flit accepted by downstream target
4032015 ps (<) : HostUCIe Sending END_REQ back to gem5 bridge
4035 ns (=) : HostUCIe nb_transport_fw received phase=BEGIN_REQ addr=0x18 len=4
4037346 ps (<) : TargetUCIe peq_cb: BEGIN_REQ from HostUCIe
4037346 ps (<) : TargetUCIe Received flit id=39 payload_size=4 tail=1 addr=0x10
4037346 ps (<) : TargetUCIe Sending ACK BEGIN_RESP back to HostUCIe
4037346 ps (<) : HostUCIe nb_transport_bw received phase=BEGIN_RESP addr=0x10 len=4
4037346 ps (<) : TargetUCIe Started reconstructing payload from flits
4037346 ps (<) : TargetUCIe Reconstructed length now=4
4037346 ps (<) : TargetUCIe Tail flit received. Forwarding reconstructed payload to ConvAccel
4037346 ps (<) : ConvAccel nb_transport_fw received phase=BEGIN_REQ cmd=READ addr=0x10 len=4
4037346 ps (<) : TargetUCIe ConvAccel accepted reconstructed payload
4037346 ps (<) : ConvAccel peq_cb BEGIN_REQ cmd=READ addr=0x10 len=4
4037346 ps (<) : ConvAccel SRAM READ using local offset
4037346 ps (<) : ConvAccel Sending BEGIN_RESP back to TargetUCIe
4037346 ps (<) : TargetUCIe nb_transport_bw received phase=BEGIN_RESP addr=0x10 len=4
4037346 ps (<) : HostUCIe peq_cb: BEGIN_RESP received from downstream target
4037346 ps (<) : HostUCIe Response extension: flit_id=39 ack=1 nak=0
4037346 ps (<) : HostUCIe ACK received: removed flit from retry buffer
4037346 ps (<) : TargetUCIe nb_transport_fw received phase=END_RESP addr=0x10 len=4
4037346 ps (<) : TargetUCIe peq_cb: BEGIN_RESP from ConvAccel, forwarding to HostUCIe
4037346 ps (<) : HostUCIe nb_transport_bw received phase=BEGIN_RESP addr=0x10 len=4
4037346 ps (<) : TargetUCIe peq_cb: END_RESP received from HostUCIe
4037346 ps (<) : HostUCIe peq_cb: BEGIN_RESP received from downstream target
4037346 ps (<) : TargetUCIe nb_transport_fw received phase=END_RESP addr=0x10 len=4
4037346 ps (<) : TargetUCIe peq_cb: END_RESP received from HostUCIe
4037351 ps (<) : HostUCIe peq_cb: BEGIN_REQ from gem5 bridge
4037351 ps (<) : HostUCIe Packing transaction into UCIe flits: cmd=READ addr=0x18 len=4 num_flits=1
4037351 ps (<) : HostUCIe Sending UCIe flit id=41 addr=0x18 size=4 tail=1
4037351 ps (<) : TargetUCIe nb_transport_fw received phase=BEGIN_REQ addr=0x18 len=4
4037351 ps (<) : HostUCIe Flit accepted by downstream target
4037351 ps (<) : HostUCIe Sending END_REQ back to gem5 bridge
4040 ns (=) : HostUCIe nb_transport_fw received phase=BEGIN_REQ addr=0x1c len=4
4042015 ps (<) : TargetUCIe peq_cb: BEGIN_REQ from HostUCIe
4042015 ps (<) : TargetUCIe Received flit id=40 payload_size=4 tail=1 addr=0x14
4042015 ps (<) : TargetUCIe Sending ACK BEGIN_RESP back to HostUCIe
4042015 ps (<) : HostUCIe nb_transport_bw received phase=BEGIN_RESP addr=0x14 len=4
4042015 ps (<) : TargetUCIe Started reconstructing payload from flits
4042015 ps (<) : TargetUCIe Reconstructed length now=4
4042015 ps (<) : TargetUCIe Tail flit received. Forwarding reconstructed payload to ConvAccel
4042015 ps (<) : ConvAccel nb_transport_fw received phase=BEGIN_REQ cmd=READ addr=0x14 len=4
4042015 ps (<) : TargetUCIe ConvAccel accepted reconstructed payload
4042015 ps (<) : ConvAccel peq_cb BEGIN_REQ cmd=READ addr=0x14 len=4
4042015 ps (<) : ConvAccel SRAM READ using local offset
4042015 ps (<) : ConvAccel Sending BEGIN_RESP back to TargetUCIe
4042015 ps (<) : TargetUCIe nb_transport_bw received phase=BEGIN_RESP addr=0x14 len=4
4042015 ps (<) : HostUCIe peq_cb: BEGIN_RESP received from downstream target
4042015 ps (<) : HostUCIe Response extension: flit_id=40 ack=1 nak=0
4042015 ps (<) : HostUCIe ACK received: removed flit from retry buffer
4042015 ps (<) : TargetUCIe nb_transport_fw received phase=END_RESP addr=0x14 len=4
4042015 ps (<) : TargetUCIe peq_cb: BEGIN_RESP from ConvAccel, forwarding to HostUCIe
4042015 ps (<) : HostUCIe nb_transport_bw received phase=BEGIN_RESP addr=0x14 len=4
4042015 ps (<) : TargetUCIe peq_cb: END_RESP received from HostUCIe
4042015 ps (<) : HostUCIe peq_cb: BEGIN_RESP received from downstream target
4042015 ps (<) : TargetUCIe nb_transport_fw received phase=END_RESP addr=0x14 len=4
4042015 ps (<) : TargetUCIe peq_cb: END_RESP received from HostUCIe
4042020 ps (<) : HostUCIe peq_cb: BEGIN_REQ from gem5 bridge
4042020 ps (<) : HostUCIe Packing transaction into UCIe flits: cmd=READ addr=0x1c len=4 num_flits=1
4042020 ps (<) : HostUCIe Sending UCIe flit id=42 addr=0x1c size=4 tail=1
4042020 ps (<) : TargetUCIe nb_transport_fw received phase=BEGIN_REQ addr=0x1c len=4
4042020 ps (<) : HostUCIe Flit accepted by downstream target
4042020 ps (<) : HostUCIe Sending END_REQ back to gem5 bridge
4045 ns (=) : HostUCIe nb_transport_fw received phase=BEGIN_REQ addr=0x20 len=4
4047351 ps (<) : TargetUCIe peq_cb: BEGIN_REQ from HostUCIe
4047351 ps (<) : TargetUCIe Received flit id=41 payload_size=4 tail=1 addr=0x18
4047351 ps (<) : TargetUCIe Sending ACK BEGIN_RESP back to HostUCIe
4047351 ps (<) : HostUCIe nb_transport_bw received phase=BEGIN_RESP addr=0x18 len=4
4047351 ps (<) : TargetUCIe Started reconstructing payload from flits
4047351 ps (<) : TargetUCIe Reconstructed length now=4
4047351 ps (<) : TargetUCIe Tail flit received. Forwarding reconstructed payload to ConvAccel
4047351 ps (<) : ConvAccel nb_transport_fw received phase=BEGIN_REQ cmd=READ addr=0x18 len=4
4047351 ps (<) : TargetUCIe ConvAccel accepted reconstructed payload
4047351 ps (<) : ConvAccel peq_cb BEGIN_REQ cmd=READ addr=0x18 len=4
4047351 ps (<) : ConvAccel SRAM READ using local offset
4047351 ps (<) : ConvAccel Sending BEGIN_RESP back to TargetUCIe
4047351 ps (<) : TargetUCIe nb_transport_bw received phase=BEGIN_RESP addr=0x18 len=4
4047351 ps (<) : HostUCIe peq_cb: BEGIN_RESP received from downstream target
4047351 ps (<) : HostUCIe Response extension: flit_id=41 ack=1 nak=0
4047351 ps (<) : HostUCIe ACK received: removed flit from retry buffer
4047351 ps (<) : TargetUCIe nb_transport_fw received phase=END_RESP addr=0x18 len=4
4047351 ps (<) : TargetUCIe peq_cb: BEGIN_RESP from ConvAccel, forwarding to HostUCIe
4047351 ps (<) : HostUCIe nb_transport_bw received phase=BEGIN_RESP addr=0x18 len=4
4047351 ps (<) : TargetUCIe peq_cb: END_RESP received from HostUCIe
4047351 ps (<) : HostUCIe peq_cb: BEGIN_RESP received from downstream target
4047351 ps (<) : TargetUCIe nb_transport_fw received phase=END_RESP addr=0x18 len=4
4047351 ps (<) : TargetUCIe peq_cb: END_RESP received from HostUCIe
4047356 ps (<) : HostUCIe peq_cb: BEGIN_REQ from gem5 bridge
4047356 ps (<) : HostUCIe Packing transaction into UCIe flits: cmd=READ addr=0x20 len=4 num_flits=1
4047356 ps (<) : HostUCIe Sending UCIe flit id=43 addr=0x20 size=4 tail=1
4047356 ps (<) : TargetUCIe nb_transport_fw received phase=BEGIN_REQ addr=0x20 len=4
4047356 ps (<) : HostUCIe Flit accepted by downstream target
4047356 ps (<) : HostUCIe Sending END_REQ back to gem5 bridge
4050 ns (=) : HostUCIe nb_transport_fw received phase=BEGIN_REQ addr=0x24 len=4
4052020 ps (<) : TargetUCIe peq_cb: BEGIN_REQ from HostUCIe
4052020 ps (<) : TargetUCIe Received flit id=42 payload_size=4 tail=1 addr=0x1c
4052020 ps (<) : TargetUCIe Sending ACK BEGIN_RESP back to HostUCIe
4052020 ps (<) : HostUCIe nb_transport_bw received phase=BEGIN_RESP addr=0x1c len=4
4052020 ps (<) : TargetUCIe Started reconstructing payload from flits
4052020 ps (<) : TargetUCIe Reconstructed length now=4
4052020 ps (<) : TargetUCIe Tail flit received. Forwarding reconstructed payload to ConvAccel
4052020 ps (<) : ConvAccel nb_transport_fw received phase=BEGIN_REQ cmd=READ addr=0x1c len=4
4052020 ps (<) : TargetUCIe ConvAccel accepted reconstructed payload
4052020 ps (<) : ConvAccel peq_cb BEGIN_REQ cmd=READ addr=0x1c len=4
4052020 ps (<) : ConvAccel SRAM READ using local offset
4052020 ps (<) : ConvAccel Sending BEGIN_RESP back to TargetUCIe
4052020 ps (<) : TargetUCIe nb_transport_bw received phase=BEGIN_RESP addr=0x1c len=4
4052020 ps (<) : HostUCIe peq_cb: BEGIN_RESP received from downstream target
4052020 ps (<) : HostUCIe Response extension: flit_id=42 ack=1 nak=0
4052020 ps (<) : HostUCIe ACK received: removed flit from retry buffer
4052020 ps (<) : TargetUCIe nb_transport_fw received phase=END_RESP addr=0x1c len=4
4052020 ps (<) : TargetUCIe peq_cb: BEGIN_RESP from ConvAccel, forwarding to HostUCIe
4052020 ps (<) : HostUCIe nb_transport_bw received phase=BEGIN_RESP addr=0x1c len=4
4052020 ps (<) : TargetUCIe peq_cb: END_RESP received from HostUCIe
4052020 ps (<) : HostUCIe peq_cb: BEGIN_RESP received from downstream target
4052020 ps (<) : TargetUCIe nb_transport_fw received phase=END_RESP addr=0x1c len=4
4052020 ps (<) : TargetUCIe peq_cb: END_RESP received from HostUCIe
4052025 ps (<) : HostUCIe peq_cb: BEGIN_REQ from gem5 bridge
4052025 ps (<) : HostUCIe Packing transaction into UCIe flits: cmd=READ addr=0x24 len=4 num_flits=1
4052025 ps (<) : HostUCIe Sending UCIe flit id=44 addr=0x24 size=4 tail=1
4052025 ps (<) : TargetUCIe nb_transport_fw received phase=BEGIN_REQ addr=0x24 len=4
4052025 ps (<) : HostUCIe Flit accepted by downstream target
4052025 ps (<) : HostUCIe Sending END_REQ back to gem5 bridge
4055 ns (=) : HostUCIe nb_transport_fw received phase=BEGIN_REQ addr=0x28 len=4
4057356 ps (<) : TargetUCIe peq_cb: BEGIN_REQ from HostUCIe
4057356 ps (<) : TargetUCIe Received flit id=43 payload_size=4 tail=1 addr=0x20
4057356 ps (<) : TargetUCIe Sending ACK BEGIN_RESP back to HostUCIe
4057356 ps (<) : HostUCIe nb_transport_bw received phase=BEGIN_RESP addr=0x20 len=4
4057356 ps (<) : TargetUCIe Started reconstructing payload from flits
4057356 ps (<) : TargetUCIe Reconstructed length now=4
4057356 ps (<) : TargetUCIe Tail flit received. Forwarding reconstructed payload to ConvAccel
4057356 ps (<) : ConvAccel nb_transport_fw received phase=BEGIN_REQ cmd=READ addr=0x20 len=4
4057356 ps (<) : TargetUCIe ConvAccel accepted reconstructed payload
4057356 ps (<) : ConvAccel peq_cb BEGIN_REQ cmd=READ addr=0x20 len=4
4057356 ps (<) : ConvAccel SRAM READ using local offset
4057356 ps (<) : ConvAccel Sending BEGIN_RESP back to TargetUCIe
4057356 ps (<) : TargetUCIe nb_transport_bw received phase=BEGIN_RESP addr=0x20 len=4
4057356 ps (<) : HostUCIe peq_cb: BEGIN_RESP received from downstream target
4057356 ps (<) : HostUCIe Response extension: flit_id=43 ack=1 nak=0
4057356 ps (<) : HostUCIe ACK received: removed flit from retry buffer
4057356 ps (<) : TargetUCIe nb_transport_fw received phase=END_RESP addr=0x20 len=4
4057356 ps (<) : TargetUCIe peq_cb: BEGIN_RESP from ConvAccel, forwarding to HostUCIe
4057356 ps (<) : HostUCIe nb_transport_bw received phase=BEGIN_RESP addr=0x20 len=4
4057356 ps (<) : TargetUCIe peq_cb: END_RESP received from HostUCIe
4057356 ps (<) : HostUCIe peq_cb: BEGIN_RESP received from downstream target
4057356 ps (<) : TargetUCIe nb_transport_fw received phase=END_RESP addr=0x20 len=4
4057356 ps (<) : TargetUCIe peq_cb: END_RESP received from HostUCIe
4057361 ps (<) : HostUCIe peq_cb: BEGIN_REQ from gem5 bridge
4057361 ps (<) : HostUCIe Packing transaction into UCIe flits: cmd=READ addr=0x28 len=4 num_flits=1
4057361 ps (<) : HostUCIe Sending UCIe flit id=45 addr=0x28 size=4 tail=1
4057361 ps (<) : TargetUCIe nb_transport_fw received phase=BEGIN_REQ addr=0x28 len=4
4057361 ps (<) : HostUCIe Flit accepted by downstream target
4057361 ps (<) : HostUCIe Sending END_REQ back to gem5 bridge
4060 ns (=) : HostUCIe nb_transport_fw received phase=BEGIN_REQ addr=0x2c len=4
4062025 ps (<) : TargetUCIe peq_cb: BEGIN_REQ from HostUCIe
4062025 ps (<) : TargetUCIe Received flit id=44 payload_size=4 tail=1 addr=0x24
4062025 ps (<) : TargetUCIe Sending ACK BEGIN_RESP back to HostUCIe
4062025 ps (<) : HostUCIe nb_transport_bw received phase=BEGIN_RESP addr=0x24 len=4
4062025 ps (<) : TargetUCIe Started reconstructing payload from flits
4062025 ps (<) : TargetUCIe Reconstructed length now=4
4062025 ps (<) : TargetUCIe Tail flit received. Forwarding reconstructed payload to ConvAccel
4062025 ps (<) : ConvAccel nb_transport_fw received phase=BEGIN_REQ cmd=READ addr=0x24 len=4
4062025 ps (<) : TargetUCIe ConvAccel accepted reconstructed payload
4062025 ps (<) : ConvAccel peq_cb BEGIN_REQ cmd=READ addr=0x24 len=4
4062025 ps (<) : ConvAccel SRAM READ using local offset
4062025 ps (<) : ConvAccel Sending BEGIN_RESP back to TargetUCIe
4062025 ps (<) : TargetUCIe nb_transport_bw received phase=BEGIN_RESP addr=0x24 len=4
4062025 ps (<) : HostUCIe peq_cb: BEGIN_RESP received from downstream target
4062025 ps (<) : HostUCIe Response extension: flit_id=44 ack=1 nak=0
4062025 ps (<) : HostUCIe ACK received: removed flit from retry buffer
4062025 ps (<) : TargetUCIe nb_transport_fw received phase=END_RESP addr=0x24 len=4
4062025 ps (<) : TargetUCIe peq_cb: BEGIN_RESP from ConvAccel, forwarding to HostUCIe
4062025 ps (<) : HostUCIe nb_transport_bw received phase=BEGIN_RESP addr=0x24 len=4
4062025 ps (<) : TargetUCIe peq_cb: END_RESP received from HostUCIe
4062025 ps (<) : HostUCIe peq_cb: BEGIN_RESP received from downstream target
4062025 ps (<) : TargetUCIe nb_transport_fw received phase=END_RESP addr=0x24 len=4
4062025 ps (<) : TargetUCIe peq_cb: END_RESP received from HostUCIe
4062030 ps (<) : HostUCIe peq_cb: BEGIN_REQ from gem5 bridge
4062030 ps (<) : HostUCIe Packing transaction into UCIe flits: cmd=READ addr=0x2c len=4 num_flits=1
4062030 ps (<) : HostUCIe Sending UCIe flit id=46 addr=0x2c size=4 tail=1
4062030 ps (<) : TargetUCIe nb_transport_fw received phase=BEGIN_REQ addr=0x2c len=4
4062030 ps (<) : HostUCIe Flit accepted by downstream target
4062030 ps (<) : HostUCIe Sending END_REQ back to gem5 bridge
4065 ns (=) : HostUCIe nb_transport_fw received phase=BEGIN_REQ addr=0x30 len=4
4067361 ps (<) : TargetUCIe peq_cb: BEGIN_REQ from HostUCIe
4067361 ps (<) : TargetUCIe Received flit id=45 payload_size=4 tail=1 addr=0x28
4067361 ps (<) : TargetUCIe Sending ACK BEGIN_RESP back to HostUCIe
4067361 ps (<) : HostUCIe nb_transport_bw received phase=BEGIN_RESP addr=0x28 len=4
4067361 ps (<) : TargetUCIe Started reconstructing payload from flits
4067361 ps (<) : TargetUCIe Reconstructed length now=4
4067361 ps (<) : TargetUCIe Tail flit received. Forwarding reconstructed payload to ConvAccel
4067361 ps (<) : ConvAccel nb_transport_fw received phase=BEGIN_REQ cmd=READ addr=0x28 len=4
4067361 ps (<) : TargetUCIe ConvAccel accepted reconstructed payload
4067361 ps (<) : ConvAccel peq_cb BEGIN_REQ cmd=READ addr=0x28 len=4
4067361 ps (<) : ConvAccel SRAM READ using local offset
4067361 ps (<) : ConvAccel Sending BEGIN_RESP back to TargetUCIe
4067361 ps (<) : TargetUCIe nb_transport_bw received phase=BEGIN_RESP addr=0x28 len=4
4067361 ps (<) : HostUCIe peq_cb: BEGIN_RESP received from downstream target
4067361 ps (<) : HostUCIe Response extension: flit_id=45 ack=1 nak=0
4067361 ps (<) : HostUCIe ACK received: removed flit from retry buffer
4067361 ps (<) : TargetUCIe nb_transport_fw received phase=END_RESP addr=0x28 len=4
4067361 ps (<) : TargetUCIe peq_cb: BEGIN_RESP from ConvAccel, forwarding to HostUCIe
4067361 ps (<) : HostUCIe nb_transport_bw received phase=BEGIN_RESP addr=0x28 len=4
4067361 ps (<) : TargetUCIe peq_cb: END_RESP received from HostUCIe
4067361 ps (<) : HostUCIe peq_cb: BEGIN_RESP received from downstream target
4067361 ps (<) : TargetUCIe nb_transport_fw received phase=END_RESP addr=0x28 len=4
4067361 ps (<) : TargetUCIe peq_cb: END_RESP received from HostUCIe
4067366 ps (<) : HostUCIe peq_cb: BEGIN_REQ from gem5 bridge
4067366 ps (<) : HostUCIe Packing transaction into UCIe flits: cmd=READ addr=0x30 len=4 num_flits=1
4067366 ps (<) : HostUCIe Sending UCIe flit id=47 addr=0x30 size=4 tail=1
4067366 ps (<) : TargetUCIe nb_transport_fw received phase=BEGIN_REQ addr=0x30 len=4
4067366 ps (<) : HostUCIe Flit accepted by downstream target
4067366 ps (<) : HostUCIe Sending END_REQ back to gem5 bridge
4070 ns (=) : HostUCIe nb_transport_fw received phase=BEGIN_REQ addr=0x34 len=4
4072030 ps (<) : TargetUCIe peq_cb: BEGIN_REQ from HostUCIe
4072030 ps (<) : TargetUCIe Received flit id=46 payload_size=4 tail=1 addr=0x2c
4072030 ps (<) : TargetUCIe Sending ACK BEGIN_RESP back to HostUCIe
4072030 ps (<) : HostUCIe nb_transport_bw received phase=BEGIN_RESP addr=0x2c len=4
4072030 ps (<) : TargetUCIe Started reconstructing payload from flits
4072030 ps (<) : TargetUCIe Reconstructed length now=4
4072030 ps (<) : TargetUCIe Tail flit received. Forwarding reconstructed payload to ConvAccel
4072030 ps (<) : ConvAccel nb_transport_fw received phase=BEGIN_REQ cmd=READ addr=0x2c len=4
4072030 ps (<) : TargetUCIe ConvAccel accepted reconstructed payload
4072030 ps (<) : ConvAccel peq_cb BEGIN_REQ cmd=READ addr=0x2c len=4
4072030 ps (<) : ConvAccel SRAM READ using local offset
4072030 ps (<) : ConvAccel Sending BEGIN_RESP back to TargetUCIe
4072030 ps (<) : TargetUCIe nb_transport_bw received phase=BEGIN_RESP addr=0x2c len=4
4072030 ps (<) : HostUCIe peq_cb: BEGIN_RESP received from downstream target
4072030 ps (<) : HostUCIe Response extension: flit_id=46 ack=1 nak=0
4072030 ps (<) : HostUCIe ACK received: removed flit from retry buffer
4072030 ps (<) : TargetUCIe nb_transport_fw received phase=END_RESP addr=0x2c len=4
4072030 ps (<) : TargetUCIe peq_cb: BEGIN_RESP from ConvAccel, forwarding to HostUCIe
4072030 ps (<) : HostUCIe nb_transport_bw received phase=BEGIN_RESP addr=0x2c len=4
4072030 ps (<) : TargetUCIe peq_cb: END_RESP received from HostUCIe
4072030 ps (<) : HostUCIe peq_cb: BEGIN_RESP received from downstream target
4072030 ps (<) : TargetUCIe nb_transport_fw received phase=END_RESP addr=0x2c len=4
4072030 ps (<) : TargetUCIe peq_cb: END_RESP received from HostUCIe
4072035 ps (<) : HostUCIe peq_cb: BEGIN_REQ from gem5 bridge
4072035 ps (<) : HostUCIe Packing transaction into UCIe flits: cmd=READ addr=0x34 len=4 num_flits=1
4072035 ps (<) : HostUCIe Sending UCIe flit id=48 addr=0x34 size=4 tail=1
4072035 ps (<) : TargetUCIe nb_transport_fw received phase=BEGIN_REQ addr=0x34 len=4
4072035 ps (<) : HostUCIe Flit accepted by downstream target
4072035 ps (<) : HostUCIe Sending END_REQ back to gem5 bridge
4075 ns (=) : HostUCIe nb_transport_fw received phase=BEGIN_REQ addr=0x38 len=4
4077366 ps (<) : TargetUCIe peq_cb: BEGIN_REQ from HostUCIe
4077366 ps (<) : TargetUCIe Received flit id=47 payload_size=4 tail=1 addr=0x30
4077366 ps (<) : TargetUCIe Sending ACK BEGIN_RESP back to HostUCIe
4077366 ps (<) : HostUCIe nb_transport_bw received phase=BEGIN_RESP addr=0x30 len=4
4077366 ps (<) : TargetUCIe Started reconstructing payload from flits
4077366 ps (<) : TargetUCIe Reconstructed length now=4
4077366 ps (<) : TargetUCIe Tail flit received. Forwarding reconstructed payload to ConvAccel
4077366 ps (<) : ConvAccel nb_transport_fw received phase=BEGIN_REQ cmd=READ addr=0x30 len=4
4077366 ps (<) : TargetUCIe ConvAccel accepted reconstructed payload
4077366 ps (<) : ConvAccel peq_cb BEGIN_REQ cmd=READ addr=0x30 len=4
4077366 ps (<) : ConvAccel SRAM READ using local offset
4077366 ps (<) : ConvAccel Sending BEGIN_RESP back to TargetUCIe
4077366 ps (<) : TargetUCIe nb_transport_bw received phase=BEGIN_RESP addr=0x30 len=4
4077366 ps (<) : HostUCIe peq_cb: BEGIN_RESP received from downstream target
4077366 ps (<) : HostUCIe Response extension: flit_id=47 ack=1 nak=0
4077366 ps (<) : HostUCIe ACK received: removed flit from retry buffer
4077366 ps (<) : TargetUCIe nb_transport_fw received phase=END_RESP addr=0x30 len=4
4077366 ps (<) : TargetUCIe peq_cb: BEGIN_RESP from ConvAccel, forwarding to HostUCIe
4077366 ps (<) : HostUCIe nb_transport_bw received phase=BEGIN_RESP addr=0x30 len=4
4077366 ps (<) : TargetUCIe peq_cb: END_RESP received from HostUCIe
4077366 ps (<) : HostUCIe peq_cb: BEGIN_RESP received from downstream target
4077366 ps (<) : TargetUCIe nb_transport_fw received phase=END_RESP addr=0x30 len=4
4077366 ps (<) : TargetUCIe peq_cb: END_RESP received from HostUCIe
4077371 ps (<) : HostUCIe peq_cb: BEGIN_REQ from gem5 bridge
4077371 ps (<) : HostUCIe Packing transaction into UCIe flits: cmd=READ addr=0x38 len=4 num_flits=1
4077371 ps (<) : HostUCIe Sending UCIe flit id=49 addr=0x38 size=4 tail=1
4077371 ps (<) : TargetUCIe nb_transport_fw received phase=BEGIN_REQ addr=0x38 len=4
4077371 ps (<) : HostUCIe Flit accepted by downstream target
4077371 ps (<) : HostUCIe Sending END_REQ back to gem5 bridge
4080 ns (=) : HostUCIe nb_transport_fw received phase=BEGIN_REQ addr=0x3c len=4
4082035 ps (<) : TargetUCIe peq_cb: BEGIN_REQ from HostUCIe
4082035 ps (<) : TargetUCIe Received flit id=48 payload_size=4 tail=1 addr=0x34
4082035 ps (<) : TargetUCIe Sending ACK BEGIN_RESP back to HostUCIe
4082035 ps (<) : HostUCIe nb_transport_bw received phase=BEGIN_RESP addr=0x34 len=4
4082035 ps (<) : TargetUCIe Started reconstructing payload from flits
4082035 ps (<) : TargetUCIe Reconstructed length now=4
4082035 ps (<) : TargetUCIe Tail flit received. Forwarding reconstructed payload to ConvAccel
4082035 ps (<) : ConvAccel nb_transport_fw received phase=BEGIN_REQ cmd=READ addr=0x34 len=4
4082035 ps (<) : TargetUCIe ConvAccel accepted reconstructed payload
4082035 ps (<) : ConvAccel peq_cb BEGIN_REQ cmd=READ addr=0x34 len=4
4082035 ps (<) : ConvAccel SRAM READ using local offset
4082035 ps (<) : ConvAccel Sending BEGIN_RESP back to TargetUCIe
4082035 ps (<) : TargetUCIe nb_transport_bw received phase=BEGIN_RESP addr=0x34 len=4
4082035 ps (<) : HostUCIe peq_cb: BEGIN_RESP received from downstream target
4082035 ps (<) : HostUCIe Response extension: flit_id=48 ack=1 nak=0
4082035 ps (<) : HostUCIe ACK received: removed flit from retry buffer
4082035 ps (<) : TargetUCIe nb_transport_fw received phase=END_RESP addr=0x34 len=4
4082035 ps (<) : TargetUCIe peq_cb: BEGIN_RESP from ConvAccel, forwarding to HostUCIe
4082035 ps (<) : HostUCIe nb_transport_bw received phase=BEGIN_RESP addr=0x34 len=4
4082035 ps (<) : TargetUCIe peq_cb: END_RESP received from HostUCIe
4082035 ps (<) : HostUCIe peq_cb: BEGIN_RESP received from downstream target
4082035 ps (<) : TargetUCIe nb_transport_fw received phase=END_RESP addr=0x34 len=4
4082035 ps (<) : TargetUCIe peq_cb: END_RESP received from HostUCIe
4082040 ps (<) : HostUCIe peq_cb: BEGIN_REQ from gem5 bridge
4082040 ps (<) : HostUCIe Packing transaction into UCIe flits: cmd=READ addr=0x3c len=4 num_flits=1
4082040 ps (<) : HostUCIe Sending UCIe flit id=50 addr=0x3c size=4 tail=1
4082040 ps (<) : TargetUCIe nb_transport_fw received phase=BEGIN_REQ addr=0x3c len=4
4082040 ps (<) : HostUCIe Flit accepted by downstream target
4082040 ps (<) : HostUCIe Sending END_REQ back to gem5 bridge
4087371 ps (<) : TargetUCIe peq_cb: BEGIN_REQ from HostUCIe
4087371 ps (<) : TargetUCIe Received flit id=49 payload_size=4 tail=1 addr=0x38
4087371 ps (<) : TargetUCIe Sending ACK BEGIN_RESP back to HostUCIe
4087371 ps (<) : HostUCIe nb_transport_bw received phase=BEGIN_RESP addr=0x38 len=4
4087371 ps (<) : TargetUCIe Started reconstructing payload from flits
4087371 ps (<) : TargetUCIe Reconstructed length now=4
4087371 ps (<) : TargetUCIe Tail flit received. Forwarding reconstructed payload to ConvAccel
4087371 ps (<) : ConvAccel nb_transport_fw received phase=BEGIN_REQ cmd=READ addr=0x38 len=4
4087371 ps (<) : TargetUCIe ConvAccel accepted reconstructed payload
4087371 ps (<) : ConvAccel peq_cb BEGIN_REQ cmd=READ addr=0x38 len=4
4087371 ps (<) : ConvAccel SRAM READ using local offset
4087371 ps (<) : ConvAccel Sending BEGIN_RESP back to TargetUCIe
4087371 ps (<) : TargetUCIe nb_transport_bw received phase=BEGIN_RESP addr=0x38 len=4
4087371 ps (<) : HostUCIe peq_cb: BEGIN_RESP received from downstream target
4087371 ps (<) : HostUCIe Response extension: flit_id=49 ack=1 nak=0
4087371 ps (<) : HostUCIe ACK received: removed flit from retry buffer
4087371 ps (<) : TargetUCIe nb_transport_fw received phase=END_RESP addr=0x38 len=4
4087371 ps (<) : TargetUCIe peq_cb: BEGIN_RESP from ConvAccel, forwarding to HostUCIe
4087371 ps (<) : HostUCIe nb_transport_bw received phase=BEGIN_RESP addr=0x38 len=4
4087371 ps (<) : TargetUCIe peq_cb: END_RESP received from HostUCIe
4087371 ps (<) : HostUCIe peq_cb: BEGIN_RESP received from downstream target
4087371 ps (<) : TargetUCIe nb_transport_fw received phase=END_RESP addr=0x38 len=4
4087371 ps (<) : TargetUCIe peq_cb: END_RESP received from HostUCIe
4092040 ps (<) : TargetUCIe peq_cb: BEGIN_REQ from HostUCIe
4092040 ps (<) : TargetUCIe Received flit id=50 payload_size=4 tail=1 addr=0x3c
4092040 ps (<) : TargetUCIe Sending ACK BEGIN_RESP back to HostUCIe
4092040 ps (<) : HostUCIe nb_transport_bw received phase=BEGIN_RESP addr=0x3c len=4
4092040 ps (<) : TargetUCIe Started reconstructing payload from flits
4092040 ps (<) : TargetUCIe Reconstructed length now=4
4092040 ps (<) : TargetUCIe Tail flit received. Forwarding reconstructed payload to ConvAccel
4092040 ps (<) : ConvAccel nb_transport_fw received phase=BEGIN_REQ cmd=READ addr=0x3c len=4
4092040 ps (<) : TargetUCIe ConvAccel accepted reconstructed payload
4092040 ps (<) : ConvAccel peq_cb BEGIN_REQ cmd=READ addr=0x3c len=4
4092040 ps (<) : ConvAccel SRAM READ using local offset
4092040 ps (<) : ConvAccel Sending BEGIN_RESP back to TargetUCIe
4092040 ps (<) : TargetUCIe nb_transport_bw received phase=BEGIN_RESP addr=0x3c len=4
4092040 ps (<) : HostUCIe peq_cb: BEGIN_RESP received from downstream target
4092040 ps (<) : HostUCIe Response extension: flit_id=50 ack=1 nak=0
4092040 ps (<) : HostUCIe ACK received: removed flit from retry buffer
4092040 ps (<) : TargetUCIe nb_transport_fw received phase=END_RESP addr=0x3c len=4
4092040 ps (<) : TargetUCIe peq_cb: BEGIN_RESP from ConvAccel, forwarding to HostUCIe
4092040 ps (<) : HostUCIe nb_transport_bw received phase=BEGIN_RESP addr=0x3c len=4
4092040 ps (<) : TargetUCIe peq_cb: END_RESP received from HostUCIe
4092040 ps (<) : HostUCIe peq_cb: BEGIN_RESP received from downstream target
4092040 ps (<) : TargetUCIe nb_transport_fw received phase=END_RESP addr=0x3c len=4
4092040 ps (<) : TargetUCIe peq_cb: END_RESP received from HostUCIe
5005 ns (=) : HostUCIe nb_transport_fw received phase=BEGIN_REQ addr=0x0 len=4
5007169 ps (<) : HostUCIe peq_cb: BEGIN_REQ from gem5 bridge
5007169 ps (<) : HostUCIe Packing transaction into UCIe flits: cmd=READ addr=0x0 len=4 num_flits=1
5007169 ps (<) : HostUCIe Sending UCIe flit id=51 addr=0x0 size=4 tail=1
5007169 ps (<) : TargetUCIe nb_transport_fw received phase=BEGIN_REQ addr=0x0 len=4
5007169 ps (<) : HostUCIe Flit accepted by downstream target
5007169 ps (<) : HostUCIe Sending END_REQ back to gem5 bridge
5010 ns (=) : HostUCIe nb_transport_fw received phase=BEGIN_REQ addr=0x4 len=4
5012505 ps (<) : HostUCIe peq_cb: BEGIN_REQ from gem5 bridge
5012505 ps (<) : HostUCIe Packing transaction into UCIe flits: cmd=READ addr=0x4 len=4 num_flits=1
5012505 ps (<) : HostUCIe Sending UCIe flit id=52 addr=0x4 size=4 tail=1
5012505 ps (<) : TargetUCIe nb_transport_fw received phase=BEGIN_REQ addr=0x4 len=4
5012505 ps (<) : HostUCIe Flit accepted by downstream target
5012505 ps (<) : HostUCIe Sending END_REQ back to gem5 bridge
5015 ns (=) : HostUCIe nb_transport_fw received phase=BEGIN_REQ addr=0x8 len=4
5017169 ps (<) : TargetUCIe peq_cb: BEGIN_REQ from HostUCIe
5017169 ps (<) : TargetUCIe Received flit id=51 payload_size=4 tail=1 addr=0x0
5017169 ps (<) : TargetUCIe Sending ACK BEGIN_RESP back to HostUCIe
5017169 ps (<) : HostUCIe nb_transport_bw received phase=BEGIN_RESP addr=0x0 len=4
5017169 ps (<) : TargetUCIe Started reconstructing payload from flits
5017169 ps (<) : TargetUCIe Reconstructed length now=4
5017169 ps (<) : TargetUCIe Tail flit received. Forwarding reconstructed payload to ConvAccel
5017169 ps (<) : ConvAccel nb_transport_fw received phase=BEGIN_REQ cmd=READ addr=0x0 len=4
5017169 ps (<) : TargetUCIe ConvAccel accepted reconstructed payload
5017169 ps (<) : ConvAccel peq_cb BEGIN_REQ cmd=READ addr=0x0 len=4
5017169 ps (<) : ConvAccel SRAM READ using local offset
5017169 ps (<) : ConvAccel Sending BEGIN_RESP back to TargetUCIe
5017169 ps (<) : TargetUCIe nb_transport_bw received phase=BEGIN_RESP addr=0x0 len=4
5017169 ps (<) : HostUCIe peq_cb: BEGIN_RESP received from downstream target
5017169 ps (<) : HostUCIe Response extension: flit_id=51 ack=1 nak=0
5017169 ps (<) : HostUCIe ACK received: removed flit from retry buffer
5017169 ps (<) : TargetUCIe nb_transport_fw received phase=END_RESP addr=0x0 len=4
5017169 ps (<) : TargetUCIe peq_cb: BEGIN_RESP from ConvAccel, forwarding to HostUCIe
5017169 ps (<) : HostUCIe nb_transport_bw received phase=BEGIN_RESP addr=0x0 len=4
5017169 ps (<) : TargetUCIe peq_cb: END_RESP received from HostUCIe
5017169 ps (<) : HostUCIe peq_cb: BEGIN_RESP received from downstream target
5017169 ps (<) : TargetUCIe nb_transport_fw received phase=END_RESP addr=0x0 len=4
5017169 ps (<) : TargetUCIe peq_cb: END_RESP received from HostUCIe
5017174 ps (<) : HostUCIe peq_cb: BEGIN_REQ from gem5 bridge
5017174 ps (<) : HostUCIe Packing transaction into UCIe flits: cmd=READ addr=0x8 len=4 num_flits=1
5017174 ps (<) : HostUCIe Sending UCIe flit id=53 addr=0x8 size=4 tail=1
5017174 ps (<) : TargetUCIe nb_transport_fw received phase=BEGIN_REQ addr=0x8 len=4
5017174 ps (<) : HostUCIe Flit accepted by downstream target
5017174 ps (<) : HostUCIe Sending END_REQ back to gem5 bridge
5020 ns (=) : HostUCIe nb_transport_fw received phase=BEGIN_REQ addr=0xc len=4
5022505 ps (<) : TargetUCIe peq_cb: BEGIN_REQ from HostUCIe
5022505 ps (<) : TargetUCIe Received flit id=52 payload_size=4 tail=1 addr=0x4
5022505 ps (<) : TargetUCIe Sending ACK BEGIN_RESP back to HostUCIe
5022505 ps (<) : HostUCIe nb_transport_bw received phase=BEGIN_RESP addr=0x4 len=4
5022505 ps (<) : TargetUCIe Started reconstructing payload from flits
5022505 ps (<) : TargetUCIe Reconstructed length now=4
5022505 ps (<) : TargetUCIe Tail flit received. Forwarding reconstructed payload to ConvAccel
5022505 ps (<) : ConvAccel nb_transport_fw received phase=BEGIN_REQ cmd=READ addr=0x4 len=4
5022505 ps (<) : TargetUCIe ConvAccel accepted reconstructed payload
5022505 ps (<) : ConvAccel peq_cb BEGIN_REQ cmd=READ addr=0x4 len=4
5022505 ps (<) : ConvAccel SRAM READ using local offset
5022505 ps (<) : ConvAccel Sending BEGIN_RESP back to TargetUCIe
5022505 ps (<) : TargetUCIe nb_transport_bw received phase=BEGIN_RESP addr=0x4 len=4
5022505 ps (<) : HostUCIe peq_cb: BEGIN_RESP received from downstream target
5022505 ps (<) : HostUCIe Response extension: flit_id=52 ack=1 nak=0
5022505 ps (<) : HostUCIe ACK received: removed flit from retry buffer
5022505 ps (<) : TargetUCIe nb_transport_fw received phase=END_RESP addr=0x4 len=4
5022505 ps (<) : TargetUCIe peq_cb: BEGIN_RESP from ConvAccel, forwarding to HostUCIe
5022505 ps (<) : HostUCIe nb_transport_bw received phase=BEGIN_RESP addr=0x4 len=4
5022505 ps (<) : TargetUCIe peq_cb: END_RESP received from HostUCIe
5022505 ps (<) : HostUCIe peq_cb: BEGIN_RESP received from downstream target
5022505 ps (<) : TargetUCIe nb_transport_fw received phase=END_RESP addr=0x4 len=4
5022505 ps (<) : TargetUCIe peq_cb: END_RESP received from HostUCIe
5022510 ps (<) : HostUCIe peq_cb: BEGIN_REQ from gem5 bridge
5022510 ps (<) : HostUCIe Packing transaction into UCIe flits: cmd=READ addr=0xc len=4 num_flits=1
5022510 ps (<) : HostUCIe Sending UCIe flit id=54 addr=0xc size=4 tail=1
5022510 ps (<) : TargetUCIe nb_transport_fw received phase=BEGIN_REQ addr=0xc len=4
5022510 ps (<) : HostUCIe Flit accepted by downstream target
5022510 ps (<) : HostUCIe Sending END_REQ back to gem5 bridge
5025 ns (=) : HostUCIe nb_transport_fw received phase=BEGIN_REQ addr=0x10 len=4
5027174 ps (<) : TargetUCIe peq_cb: BEGIN_REQ from HostUCIe
5027174 ps (<) : TargetUCIe Received flit id=53 payload_size=4 tail=1 addr=0x8
5027174 ps (<) : TargetUCIe Sending ACK BEGIN_RESP back to HostUCIe
5027174 ps (<) : HostUCIe nb_transport_bw received phase=BEGIN_RESP addr=0x8 len=4
5027174 ps (<) : TargetUCIe Started reconstructing payload from flits
5027174 ps (<) : TargetUCIe Reconstructed length now=4
5027174 ps (<) : TargetUCIe Tail flit received. Forwarding reconstructed payload to ConvAccel
5027174 ps (<) : ConvAccel nb_transport_fw received phase=BEGIN_REQ cmd=READ addr=0x8 len=4
5027174 ps (<) : TargetUCIe ConvAccel accepted reconstructed payload
5027174 ps (<) : ConvAccel peq_cb BEGIN_REQ cmd=READ addr=0x8 len=4
5027174 ps (<) : ConvAccel SRAM READ using local offset
5027174 ps (<) : ConvAccel Sending BEGIN_RESP back to TargetUCIe
5027174 ps (<) : TargetUCIe nb_transport_bw received phase=BEGIN_RESP addr=0x8 len=4
5027174 ps (<) : HostUCIe peq_cb: BEGIN_RESP received from downstream target
5027174 ps (<) : HostUCIe Response extension: flit_id=53 ack=1 nak=0
5027174 ps (<) : HostUCIe ACK received: removed flit from retry buffer
5027174 ps (<) : TargetUCIe nb_transport_fw received phase=END_RESP addr=0x8 len=4
5027174 ps (<) : TargetUCIe peq_cb: BEGIN_RESP from ConvAccel, forwarding to HostUCIe
5027174 ps (<) : HostUCIe nb_transport_bw received phase=BEGIN_RESP addr=0x8 len=4
5027174 ps (<) : TargetUCIe peq_cb: END_RESP received from HostUCIe
5027174 ps (<) : HostUCIe peq_cb: BEGIN_RESP received from downstream target
5027174 ps (<) : TargetUCIe nb_transport_fw received phase=END_RESP addr=0x8 len=4
5027174 ps (<) : TargetUCIe peq_cb: END_RESP received from HostUCIe
5027179 ps (<) : HostUCIe peq_cb: BEGIN_REQ from gem5 bridge
5027179 ps (<) : HostUCIe Packing transaction into UCIe flits: cmd=READ addr=0x10 len=4 num_flits=1
5027179 ps (<) : HostUCIe Sending UCIe flit id=55 addr=0x10 size=4 tail=1
5027179 ps (<) : TargetUCIe nb_transport_fw received phase=BEGIN_REQ addr=0x10 len=4
5027179 ps (<) : HostUCIe Flit accepted by downstream target
5027179 ps (<) : HostUCIe Sending END_REQ back to gem5 bridge
5030 ns (=) : HostUCIe nb_transport_fw received phase=BEGIN_REQ addr=0x14 len=4
5032510 ps (<) : TargetUCIe peq_cb: BEGIN_REQ from HostUCIe
5032510 ps (<) : TargetUCIe Received flit id=54 payload_size=4 tail=1 addr=0xc
5032510 ps (<) : TargetUCIe Sending ACK BEGIN_RESP back to HostUCIe
5032510 ps (<) : HostUCIe nb_transport_bw received phase=BEGIN_RESP addr=0xc len=4
5032510 ps (<) : TargetUCIe Started reconstructing payload from flits
5032510 ps (<) : TargetUCIe Reconstructed length now=4
5032510 ps (<) : TargetUCIe Tail flit received. Forwarding reconstructed payload to ConvAccel
5032510 ps (<) : ConvAccel nb_transport_fw received phase=BEGIN_REQ cmd=READ addr=0xc len=4
5032510 ps (<) : TargetUCIe ConvAccel accepted reconstructed payload
5032510 ps (<) : ConvAccel peq_cb BEGIN_REQ cmd=READ addr=0xc len=4
5032510 ps (<) : ConvAccel SRAM READ using local offset
5032510 ps (<) : ConvAccel Sending BEGIN_RESP back to TargetUCIe
5032510 ps (<) : TargetUCIe nb_transport_bw received phase=BEGIN_RESP addr=0xc len=4
5032510 ps (<) : HostUCIe peq_cb: BEGIN_RESP received from downstream target
5032510 ps (<) : HostUCIe Response extension: flit_id=54 ack=1 nak=0
5032510 ps (<) : HostUCIe ACK received: removed flit from retry buffer
5032510 ps (<) : TargetUCIe nb_transport_fw received phase=END_RESP addr=0xc len=4
5032510 ps (<) : TargetUCIe peq_cb: BEGIN_RESP from ConvAccel, forwarding to HostUCIe
5032510 ps (<) : HostUCIe nb_transport_bw received phase=BEGIN_RESP addr=0xc len=4
5032510 ps (<) : TargetUCIe peq_cb: END_RESP received from HostUCIe
5032510 ps (<) : HostUCIe peq_cb: BEGIN_RESP received from downstream target
5032510 ps (<) : TargetUCIe nb_transport_fw received phase=END_RESP addr=0xc len=4
5032510 ps (<) : TargetUCIe peq_cb: END_RESP received from HostUCIe
5032515 ps (<) : HostUCIe peq_cb: BEGIN_REQ from gem5 bridge
5032515 ps (<) : HostUCIe Packing transaction into UCIe flits: cmd=READ addr=0x14 len=4 num_flits=1
5032515 ps (<) : HostUCIe Sending UCIe flit id=56 addr=0x14 size=4 tail=1
5032515 ps (<) : TargetUCIe nb_transport_fw received phase=BEGIN_REQ addr=0x14 len=4
5032515 ps (<) : HostUCIe Flit accepted by downstream target
5032515 ps (<) : HostUCIe Sending END_REQ back to gem5 bridge
5035 ns (=) : HostUCIe nb_transport_fw received phase=BEGIN_REQ addr=0x18 len=4
5037179 ps (<) : TargetUCIe peq_cb: BEGIN_REQ from HostUCIe
5037179 ps (<) : TargetUCIe Received flit id=55 payload_size=4 tail=1 addr=0x10
5037179 ps (<) : TargetUCIe Sending ACK BEGIN_RESP back to HostUCIe
5037179 ps (<) : HostUCIe nb_transport_bw received phase=BEGIN_RESP addr=0x10 len=4
5037179 ps (<) : TargetUCIe Started reconstructing payload from flits
5037179 ps (<) : TargetUCIe Reconstructed length now=4
5037179 ps (<) : TargetUCIe Tail flit received. Forwarding reconstructed payload to ConvAccel
5037179 ps (<) : ConvAccel nb_transport_fw received phase=BEGIN_REQ cmd=READ addr=0x10 len=4
5037179 ps (<) : TargetUCIe ConvAccel accepted reconstructed payload
5037179 ps (<) : ConvAccel peq_cb BEGIN_REQ cmd=READ addr=0x10 len=4
5037179 ps (<) : ConvAccel SRAM READ using local offset
5037179 ps (<) : ConvAccel Sending BEGIN_RESP back to TargetUCIe
5037179 ps (<) : TargetUCIe nb_transport_bw received phase=BEGIN_RESP addr=0x10 len=4
5037179 ps (<) : HostUCIe peq_cb: BEGIN_RESP received from downstream target
5037179 ps (<) : HostUCIe Response extension: flit_id=55 ack=1 nak=0
5037179 ps (<) : HostUCIe ACK received: removed flit from retry buffer
5037179 ps (<) : TargetUCIe nb_transport_fw received phase=END_RESP addr=0x10 len=4
5037179 ps (<) : TargetUCIe peq_cb: BEGIN_RESP from ConvAccel, forwarding to HostUCIe
5037179 ps (<) : HostUCIe nb_transport_bw received phase=BEGIN_RESP addr=0x10 len=4
5037179 ps (<) : TargetUCIe peq_cb: END_RESP received from HostUCIe
5037179 ps (<) : HostUCIe peq_cb: BEGIN_RESP received from downstream target
5037179 ps (<) : TargetUCIe nb_transport_fw received phase=END_RESP addr=0x10 len=4
5037179 ps (<) : TargetUCIe peq_cb: END_RESP received from HostUCIe
5037184 ps (<) : HostUCIe peq_cb: BEGIN_REQ from gem5 bridge
5037184 ps (<) : HostUCIe Packing transaction into UCIe flits: cmd=READ addr=0x18 len=4 num_flits=1
5037184 ps (<) : HostUCIe Sending UCIe flit id=57 addr=0x18 size=4 tail=1
5037184 ps (<) : TargetUCIe nb_transport_fw received phase=BEGIN_REQ addr=0x18 len=4
5037184 ps (<) : HostUCIe Flit accepted by downstream target
5037184 ps (<) : HostUCIe Sending END_REQ back to gem5 bridge
5040 ns (=) : HostUCIe nb_transport_fw received phase=BEGIN_REQ addr=0x1c len=4
5042515 ps (<) : TargetUCIe peq_cb: BEGIN_REQ from HostUCIe
5042515 ps (<) : TargetUCIe Received flit id=56 payload_size=4 tail=1 addr=0x14
5042515 ps (<) : TargetUCIe Sending ACK BEGIN_RESP back to HostUCIe
5042515 ps (<) : HostUCIe nb_transport_bw received phase=BEGIN_RESP addr=0x14 len=4
5042515 ps (<) : TargetUCIe Started reconstructing payload from flits
5042515 ps (<) : TargetUCIe Reconstructed length now=4
5042515 ps (<) : TargetUCIe Tail flit received. Forwarding reconstructed payload to ConvAccel
5042515 ps (<) : ConvAccel nb_transport_fw received phase=BEGIN_REQ cmd=READ addr=0x14 len=4
5042515 ps (<) : TargetUCIe ConvAccel accepted reconstructed payload
5042515 ps (<) : ConvAccel peq_cb BEGIN_REQ cmd=READ addr=0x14 len=4
5042515 ps (<) : ConvAccel SRAM READ using local offset
5042515 ps (<) : ConvAccel Sending BEGIN_RESP back to TargetUCIe
5042515 ps (<) : TargetUCIe nb_transport_bw received phase=BEGIN_RESP addr=0x14 len=4
5042515 ps (<) : HostUCIe peq_cb: BEGIN_RESP received from downstream target
5042515 ps (<) : HostUCIe Response extension: flit_id=56 ack=1 nak=0
5042515 ps (<) : HostUCIe ACK received: removed flit from retry buffer
5042515 ps (<) : TargetUCIe nb_transport_fw received phase=END_RESP addr=0x14 len=4
5042515 ps (<) : TargetUCIe peq_cb: BEGIN_RESP from ConvAccel, forwarding to HostUCIe
5042515 ps (<) : HostUCIe nb_transport_bw received phase=BEGIN_RESP addr=0x14 len=4
5042515 ps (<) : TargetUCIe peq_cb: END_RESP received from HostUCIe
5042515 ps (<) : HostUCIe peq_cb: BEGIN_RESP received from downstream target
5042515 ps (<) : TargetUCIe nb_transport_fw received phase=END_RESP addr=0x14 len=4
5042515 ps (<) : TargetUCIe peq_cb: END_RESP received from HostUCIe
5042520 ps (<) : HostUCIe peq_cb: BEGIN_REQ from gem5 bridge
5042520 ps (<) : HostUCIe Packing transaction into UCIe flits: cmd=READ addr=0x1c len=4 num_flits=1
5042520 ps (<) : HostUCIe Sending UCIe flit id=58 addr=0x1c size=4 tail=1
5042520 ps (<) : TargetUCIe nb_transport_fw received phase=BEGIN_REQ addr=0x1c len=4
5042520 ps (<) : HostUCIe Flit accepted by downstream target
5042520 ps (<) : HostUCIe Sending END_REQ back to gem5 bridge
5045 ns (=) : HostUCIe nb_transport_fw received phase=BEGIN_REQ addr=0x20 len=4
5047184 ps (<) : TargetUCIe peq_cb: BEGIN_REQ from HostUCIe
5047184 ps (<) : TargetUCIe Received flit id=57 payload_size=4 tail=1 addr=0x18
5047184 ps (<) : TargetUCIe Sending ACK BEGIN_RESP back to HostUCIe
5047184 ps (<) : HostUCIe nb_transport_bw received phase=BEGIN_RESP addr=0x18 len=4
5047184 ps (<) : TargetUCIe Started reconstructing payload from flits
5047184 ps (<) : TargetUCIe Reconstructed length now=4
5047184 ps (<) : TargetUCIe Tail flit received. Forwarding reconstructed payload to ConvAccel
5047184 ps (<) : ConvAccel nb_transport_fw received phase=BEGIN_REQ cmd=READ addr=0x18 len=4
5047184 ps (<) : TargetUCIe ConvAccel accepted reconstructed payload
5047184 ps (<) : ConvAccel peq_cb BEGIN_REQ cmd=READ addr=0x18 len=4
5047184 ps (<) : ConvAccel SRAM READ using local offset
5047184 ps (<) : ConvAccel Sending BEGIN_RESP back to TargetUCIe
5047184 ps (<) : TargetUCIe nb_transport_bw received phase=BEGIN_RESP addr=0x18 len=4
5047184 ps (<) : HostUCIe peq_cb: BEGIN_RESP received from downstream target
5047184 ps (<) : HostUCIe Response extension: flit_id=57 ack=1 nak=0
5047184 ps (<) : HostUCIe ACK received: removed flit from retry buffer
5047184 ps (<) : TargetUCIe nb_transport_fw received phase=END_RESP addr=0x18 len=4
5047184 ps (<) : TargetUCIe peq_cb: BEGIN_RESP from ConvAccel, forwarding to HostUCIe
5047184 ps (<) : HostUCIe nb_transport_bw received phase=BEGIN_RESP addr=0x18 len=4
5047184 ps (<) : TargetUCIe peq_cb: END_RESP received from HostUCIe
5047184 ps (<) : HostUCIe peq_cb: BEGIN_RESP received from downstream target
5047184 ps (<) : TargetUCIe nb_transport_fw received phase=END_RESP addr=0x18 len=4
5047184 ps (<) : TargetUCIe peq_cb: END_RESP received from HostUCIe
5047189 ps (<) : HostUCIe peq_cb: BEGIN_REQ from gem5 bridge
5047189 ps (<) : HostUCIe Packing transaction into UCIe flits: cmd=READ addr=0x20 len=4 num_flits=1
5047189 ps (<) : HostUCIe Sending UCIe flit id=59 addr=0x20 size=4 tail=1
5047189 ps (<) : TargetUCIe nb_transport_fw received phase=BEGIN_REQ addr=0x20 len=4
5047189 ps (<) : HostUCIe Flit accepted by downstream target
5047189 ps (<) : HostUCIe Sending END_REQ back to gem5 bridge
5050 ns (=) : HostUCIe nb_transport_fw received phase=BEGIN_REQ addr=0x24 len=4
5052520 ps (<) : TargetUCIe peq_cb: BEGIN_REQ from HostUCIe
5052520 ps (<) : TargetUCIe Received flit id=58 payload_size=4 tail=1 addr=0x1c
5052520 ps (<) : TargetUCIe Sending ACK BEGIN_RESP back to HostUCIe
5052520 ps (<) : HostUCIe nb_transport_bw received phase=BEGIN_RESP addr=0x1c len=4
5052520 ps (<) : TargetUCIe Started reconstructing payload from flits
5052520 ps (<) : TargetUCIe Reconstructed length now=4
5052520 ps (<) : TargetUCIe Tail flit received. Forwarding reconstructed payload to ConvAccel
5052520 ps (<) : ConvAccel nb_transport_fw received phase=BEGIN_REQ cmd=READ addr=0x1c len=4
5052520 ps (<) : TargetUCIe ConvAccel accepted reconstructed payload
5052520 ps (<) : ConvAccel peq_cb BEGIN_REQ cmd=READ addr=0x1c len=4
5052520 ps (<) : ConvAccel SRAM READ using local offset
5052520 ps (<) : ConvAccel Sending BEGIN_RESP back to TargetUCIe
5052520 ps (<) : TargetUCIe nb_transport_bw received phase=BEGIN_RESP addr=0x1c len=4
5052520 ps (<) : HostUCIe peq_cb: BEGIN_RESP received from downstream target
5052520 ps (<) : HostUCIe Response extension: flit_id=58 ack=1 nak=0
5052520 ps (<) : HostUCIe ACK received: removed flit from retry buffer
5052520 ps (<) : TargetUCIe nb_transport_fw received phase=END_RESP addr=0x1c len=4
5052520 ps (<) : TargetUCIe peq_cb: BEGIN_RESP from ConvAccel, forwarding to HostUCIe
5052520 ps (<) : HostUCIe nb_transport_bw received phase=BEGIN_RESP addr=0x1c len=4
5052520 ps (<) : TargetUCIe peq_cb: END_RESP received from HostUCIe
5052520 ps (<) : HostUCIe peq_cb: BEGIN_RESP received from downstream target
5052520 ps (<) : TargetUCIe nb_transport_fw received phase=END_RESP addr=0x1c len=4
5052520 ps (<) : TargetUCIe peq_cb: END_RESP received from HostUCIe
5052525 ps (<) : HostUCIe peq_cb: BEGIN_REQ from gem5 bridge
5052525 ps (<) : HostUCIe Packing transaction into UCIe flits: cmd=READ addr=0x24 len=4 num_flits=1
5052525 ps (<) : HostUCIe Sending UCIe flit id=60 addr=0x24 size=4 tail=1
5052525 ps (<) : TargetUCIe nb_transport_fw received phase=BEGIN_REQ addr=0x24 len=4
5052525 ps (<) : HostUCIe Flit accepted by downstream target
5052525 ps (<) : HostUCIe Sending END_REQ back to gem5 bridge
5055 ns (=) : HostUCIe nb_transport_fw received phase=BEGIN_REQ addr=0x28 len=4
5057189 ps (<) : TargetUCIe peq_cb: BEGIN_REQ from HostUCIe
5057189 ps (<) : TargetUCIe Received flit id=59 payload_size=4 tail=1 addr=0x20
5057189 ps (<) : TargetUCIe Sending ACK BEGIN_RESP back to HostUCIe
5057189 ps (<) : HostUCIe nb_transport_bw received phase=BEGIN_RESP addr=0x20 len=4
5057189 ps (<) : TargetUCIe Started reconstructing payload from flits
5057189 ps (<) : TargetUCIe Reconstructed length now=4
5057189 ps (<) : TargetUCIe Tail flit received. Forwarding reconstructed payload to ConvAccel
5057189 ps (<) : ConvAccel nb_transport_fw received phase=BEGIN_REQ cmd=READ addr=0x20 len=4
5057189 ps (<) : TargetUCIe ConvAccel accepted reconstructed payload
5057189 ps (<) : ConvAccel peq_cb BEGIN_REQ cmd=READ addr=0x20 len=4
5057189 ps (<) : ConvAccel SRAM READ using local offset
5057189 ps (<) : ConvAccel Sending BEGIN_RESP back to TargetUCIe
5057189 ps (<) : TargetUCIe nb_transport_bw received phase=BEGIN_RESP addr=0x20 len=4
5057189 ps (<) : HostUCIe peq_cb: BEGIN_RESP received from downstream target
5057189 ps (<) : HostUCIe Response extension: flit_id=59 ack=1 nak=0
5057189 ps (<) : HostUCIe ACK received: removed flit from retry buffer
5057189 ps (<) : TargetUCIe nb_transport_fw received phase=END_RESP addr=0x20 len=4
5057189 ps (<) : TargetUCIe peq_cb: BEGIN_RESP from ConvAccel, forwarding to HostUCIe
5057189 ps (<) : HostUCIe nb_transport_bw received phase=BEGIN_RESP addr=0x20 len=4
5057189 ps (<) : TargetUCIe peq_cb: END_RESP received from HostUCIe
5057189 ps (<) : HostUCIe peq_cb: BEGIN_RESP received from downstream target
5057189 ps (<) : TargetUCIe nb_transport_fw received phase=END_RESP addr=0x20 len=4
5057189 ps (<) : TargetUCIe peq_cb: END_RESP received from HostUCIe
5057194 ps (<) : HostUCIe peq_cb: BEGIN_REQ from gem5 bridge
5057194 ps (<) : HostUCIe Packing transaction into UCIe flits: cmd=READ addr=0x28 len=4 num_flits=1
5057194 ps (<) : HostUCIe Sending UCIe flit id=61 addr=0x28 size=4 tail=1
5057194 ps (<) : TargetUCIe nb_transport_fw received phase=BEGIN_REQ addr=0x28 len=4
5057194 ps (<) : HostUCIe Flit accepted by downstream target
5057194 ps (<) : HostUCIe Sending END_REQ back to gem5 bridge
5060 ns (=) : HostUCIe nb_transport_fw received phase=BEGIN_REQ addr=0x2c len=4
5062525 ps (<) : TargetUCIe peq_cb: BEGIN_REQ from HostUCIe
5062525 ps (<) : TargetUCIe Received flit id=60 payload_size=4 tail=1 addr=0x24
5062525 ps (<) : TargetUCIe Sending ACK BEGIN_RESP back to HostUCIe
5062525 ps (<) : HostUCIe nb_transport_bw received phase=BEGIN_RESP addr=0x24 len=4
5062525 ps (<) : TargetUCIe Started reconstructing payload from flits
5062525 ps (<) : TargetUCIe Reconstructed length now=4
5062525 ps (<) : TargetUCIe Tail flit received. Forwarding reconstructed payload to ConvAccel
5062525 ps (<) : ConvAccel nb_transport_fw received phase=BEGIN_REQ cmd=READ addr=0x24 len=4
5062525 ps (<) : TargetUCIe ConvAccel accepted reconstructed payload
5062525 ps (<) : ConvAccel peq_cb BEGIN_REQ cmd=READ addr=0x24 len=4
5062525 ps (<) : ConvAccel SRAM READ using local offset
5062525 ps (<) : ConvAccel Sending BEGIN_RESP back to TargetUCIe
5062525 ps (<) : TargetUCIe nb_transport_bw received phase=BEGIN_RESP addr=0x24 len=4
5062525 ps (<) : HostUCIe peq_cb: BEGIN_RESP received from downstream target
5062525 ps (<) : HostUCIe Response extension: flit_id=60 ack=1 nak=0
5062525 ps (<) : HostUCIe ACK received: removed flit from retry buffer
5062525 ps (<) : TargetUCIe nb_transport_fw received phase=END_RESP addr=0x24 len=4
5062525 ps (<) : TargetUCIe peq_cb: BEGIN_RESP from ConvAccel, forwarding to HostUCIe
5062525 ps (<) : HostUCIe nb_transport_bw received phase=BEGIN_RESP addr=0x24 len=4
5062525 ps (<) : TargetUCIe peq_cb: END_RESP received from HostUCIe
5062525 ps (<) : HostUCIe peq_cb: BEGIN_RESP received from downstream target
5062525 ps (<) : TargetUCIe nb_transport_fw received phase=END_RESP addr=0x24 len=4
5062525 ps (<) : TargetUCIe peq_cb: END_RESP received from HostUCIe
5062530 ps (<) : HostUCIe peq_cb: BEGIN_REQ from gem5 bridge
5062530 ps (<) : HostUCIe Packing transaction into UCIe flits: cmd=READ addr=0x2c len=4 num_flits=1
5062530 ps (<) : HostUCIe Sending UCIe flit id=62 addr=0x2c size=4 tail=1
5062530 ps (<) : TargetUCIe nb_transport_fw received phase=BEGIN_REQ addr=0x2c len=4
5062530 ps (<) : HostUCIe Flit accepted by downstream target
5062530 ps (<) : HostUCIe Sending END_REQ back to gem5 bridge
5065 ns (=) : HostUCIe nb_transport_fw received phase=BEGIN_REQ addr=0x30 len=4
5067194 ps (<) : TargetUCIe peq_cb: BEGIN_REQ from HostUCIe
5067194 ps (<) : TargetUCIe Received flit id=61 payload_size=4 tail=1 addr=0x28
5067194 ps (<) : TargetUCIe Sending ACK BEGIN_RESP back to HostUCIe
5067194 ps (<) : HostUCIe nb_transport_bw received phase=BEGIN_RESP addr=0x28 len=4
5067194 ps (<) : TargetUCIe Started reconstructing payload from flits
5067194 ps (<) : TargetUCIe Reconstructed length now=4
5067194 ps (<) : TargetUCIe Tail flit received. Forwarding reconstructed payload to ConvAccel
5067194 ps (<) : ConvAccel nb_transport_fw received phase=BEGIN_REQ cmd=READ addr=0x28 len=4
5067194 ps (<) : TargetUCIe ConvAccel accepted reconstructed payload
5067194 ps (<) : ConvAccel peq_cb BEGIN_REQ cmd=READ addr=0x28 len=4
5067194 ps (<) : ConvAccel SRAM READ using local offset
5067194 ps (<) : ConvAccel Sending BEGIN_RESP back to TargetUCIe
5067194 ps (<) : TargetUCIe nb_transport_bw received phase=BEGIN_RESP addr=0x28 len=4
5067194 ps (<) : HostUCIe peq_cb: BEGIN_RESP received from downstream target
5067194 ps (<) : HostUCIe Response extension: flit_id=61 ack=1 nak=0
5067194 ps (<) : HostUCIe ACK received: removed flit from retry buffer
5067194 ps (<) : TargetUCIe nb_transport_fw received phase=END_RESP addr=0x28 len=4
5067194 ps (<) : TargetUCIe peq_cb: BEGIN_RESP from ConvAccel, forwarding to HostUCIe
5067194 ps (<) : HostUCIe nb_transport_bw received phase=BEGIN_RESP addr=0x28 len=4
5067194 ps (<) : TargetUCIe peq_cb: END_RESP received from HostUCIe
5067194 ps (<) : HostUCIe peq_cb: BEGIN_RESP received from downstream target
5067194 ps (<) : TargetUCIe nb_transport_fw received phase=END_RESP addr=0x28 len=4
5067194 ps (<) : TargetUCIe peq_cb: END_RESP received from HostUCIe
5067199 ps (<) : HostUCIe peq_cb: BEGIN_REQ from gem5 bridge
5067199 ps (<) : HostUCIe Packing transaction into UCIe flits: cmd=READ addr=0x30 len=4 num_flits=1
5067199 ps (<) : HostUCIe Sending UCIe flit id=63 addr=0x30 size=4 tail=1
5067199 ps (<) : TargetUCIe nb_transport_fw received phase=BEGIN_REQ addr=0x30 len=4
5067199 ps (<) : HostUCIe Flit accepted by downstream target
5067199 ps (<) : HostUCIe Sending END_REQ back to gem5 bridge
5070 ns (=) : HostUCIe nb_transport_fw received phase=BEGIN_REQ addr=0x34 len=4
5072530 ps (<) : TargetUCIe peq_cb: BEGIN_REQ from HostUCIe
5072530 ps (<) : TargetUCIe Received flit id=62 payload_size=4 tail=1 addr=0x2c
5072530 ps (<) : TargetUCIe Sending ACK BEGIN_RESP back to HostUCIe
5072530 ps (<) : HostUCIe nb_transport_bw received phase=BEGIN_RESP addr=0x2c len=4
5072530 ps (<) : TargetUCIe Started reconstructing payload from flits
5072530 ps (<) : TargetUCIe Reconstructed length now=4
5072530 ps (<) : TargetUCIe Tail flit received. Forwarding reconstructed payload to ConvAccel
5072530 ps (<) : ConvAccel nb_transport_fw received phase=BEGIN_REQ cmd=READ addr=0x2c len=4
5072530 ps (<) : TargetUCIe ConvAccel accepted reconstructed payload
5072530 ps (<) : ConvAccel peq_cb BEGIN_REQ cmd=READ addr=0x2c len=4
5072530 ps (<) : ConvAccel SRAM READ using local offset
5072530 ps (<) : ConvAccel Sending BEGIN_RESP back to TargetUCIe
5072530 ps (<) : TargetUCIe nb_transport_bw received phase=BEGIN_RESP addr=0x2c len=4
5072530 ps (<) : HostUCIe peq_cb: BEGIN_RESP received from downstream target
5072530 ps (<) : HostUCIe Response extension: flit_id=62 ack=1 nak=0
5072530 ps (<) : HostUCIe ACK received: removed flit from retry buffer
5072530 ps (<) : TargetUCIe nb_transport_fw received phase=END_RESP addr=0x2c len=4
5072530 ps (<) : TargetUCIe peq_cb: BEGIN_RESP from ConvAccel, forwarding to HostUCIe
5072530 ps (<) : HostUCIe nb_transport_bw received phase=BEGIN_RESP addr=0x2c len=4
5072530 ps (<) : TargetUCIe peq_cb: END_RESP received from HostUCIe
5072530 ps (<) : HostUCIe peq_cb: BEGIN_RESP received from downstream target
5072530 ps (<) : TargetUCIe nb_transport_fw received phase=END_RESP addr=0x2c len=4
5072530 ps (<) : TargetUCIe peq_cb: END_RESP received from HostUCIe
5072535 ps (<) : HostUCIe peq_cb: BEGIN_REQ from gem5 bridge
5072535 ps (<) : HostUCIe Packing transaction into UCIe flits: cmd=READ addr=0x34 len=4 num_flits=1
5072535 ps (<) : HostUCIe Sending UCIe flit id=64 addr=0x34 size=4 tail=1
5072535 ps (<) : TargetUCIe nb_transport_fw received phase=BEGIN_REQ addr=0x34 len=4
5072535 ps (<) : HostUCIe Flit accepted by downstream target
5072535 ps (<) : HostUCIe Sending END_REQ back to gem5 bridge
5075 ns (=) : HostUCIe nb_transport_fw received phase=BEGIN_REQ addr=0x38 len=4
5077199 ps (<) : TargetUCIe peq_cb: BEGIN_REQ from HostUCIe
5077199 ps (<) : TargetUCIe Received flit id=63 payload_size=4 tail=1 addr=0x30
5077199 ps (<) : TargetUCIe Sending ACK BEGIN_RESP back to HostUCIe
5077199 ps (<) : HostUCIe nb_transport_bw received phase=BEGIN_RESP addr=0x30 len=4
5077199 ps (<) : TargetUCIe Started reconstructing payload from flits
5077199 ps (<) : TargetUCIe Reconstructed length now=4
5077199 ps (<) : TargetUCIe Tail flit received. Forwarding reconstructed payload to ConvAccel
5077199 ps (<) : ConvAccel nb_transport_fw received phase=BEGIN_REQ cmd=READ addr=0x30 len=4
5077199 ps (<) : TargetUCIe ConvAccel accepted reconstructed payload
5077199 ps (<) : ConvAccel peq_cb BEGIN_REQ cmd=READ addr=0x30 len=4
5077199 ps (<) : ConvAccel SRAM READ using local offset
5077199 ps (<) : ConvAccel Sending BEGIN_RESP back to TargetUCIe
5077199 ps (<) : TargetUCIe nb_transport_bw received phase=BEGIN_RESP addr=0x30 len=4
5077199 ps (<) : HostUCIe peq_cb: BEGIN_RESP received from downstream target
5077199 ps (<) : HostUCIe Response extension: flit_id=63 ack=1 nak=0
5077199 ps (<) : HostUCIe ACK received: removed flit from retry buffer
5077199 ps (<) : TargetUCIe nb_transport_fw received phase=END_RESP addr=0x30 len=4
5077199 ps (<) : TargetUCIe peq_cb: BEGIN_RESP from ConvAccel, forwarding to HostUCIe
5077199 ps (<) : HostUCIe nb_transport_bw received phase=BEGIN_RESP addr=0x30 len=4
5077199 ps (<) : TargetUCIe peq_cb: END_RESP received from HostUCIe
5077199 ps (<) : HostUCIe peq_cb: BEGIN_RESP received from downstream target
5077199 ps (<) : TargetUCIe nb_transport_fw received phase=END_RESP addr=0x30 len=4
5077199 ps (<) : TargetUCIe peq_cb: END_RESP received from HostUCIe
5077204 ps (<) : HostUCIe peq_cb: BEGIN_REQ from gem5 bridge
5077204 ps (<) : HostUCIe Packing transaction into UCIe flits: cmd=READ addr=0x38 len=4 num_flits=1
5077204 ps (<) : HostUCIe Sending UCIe flit id=65 addr=0x38 size=4 tail=1
5077204 ps (<) : TargetUCIe nb_transport_fw received phase=BEGIN_REQ addr=0x38 len=4
5077204 ps (<) : HostUCIe Flit accepted by downstream target
5077204 ps (<) : HostUCIe Sending END_REQ back to gem5 bridge
5080 ns (=) : HostUCIe nb_transport_fw received phase=BEGIN_REQ addr=0x3c len=4
5082535 ps (<) : TargetUCIe peq_cb: BEGIN_REQ from HostUCIe
5082535 ps (<) : TargetUCIe Received flit id=64 payload_size=4 tail=1 addr=0x34
5082535 ps (<) : TargetUCIe Sending ACK BEGIN_RESP back to HostUCIe
5082535 ps (<) : HostUCIe nb_transport_bw received phase=BEGIN_RESP addr=0x34 len=4
5082535 ps (<) : TargetUCIe Started reconstructing payload from flits
5082535 ps (<) : TargetUCIe Reconstructed length now=4
5082535 ps (<) : TargetUCIe Tail flit received. Forwarding reconstructed payload to ConvAccel
5082535 ps (<) : ConvAccel nb_transport_fw received phase=BEGIN_REQ cmd=READ addr=0x34 len=4
5082535 ps (<) : TargetUCIe ConvAccel accepted reconstructed payload
5082535 ps (<) : ConvAccel peq_cb BEGIN_REQ cmd=READ addr=0x34 len=4
5082535 ps (<) : ConvAccel SRAM READ using local offset
5082535 ps (<) : ConvAccel Sending BEGIN_RESP back to TargetUCIe
5082535 ps (<) : TargetUCIe nb_transport_bw received phase=BEGIN_RESP addr=0x34 len=4
5082535 ps (<) : HostUCIe peq_cb: BEGIN_RESP received from downstream target
5082535 ps (<) : HostUCIe Response extension: flit_id=64 ack=1 nak=0
5082535 ps (<) : HostUCIe ACK received: removed flit from retry buffer
5082535 ps (<) : TargetUCIe nb_transport_fw received phase=END_RESP addr=0x34 len=4
5082535 ps (<) : TargetUCIe peq_cb: BEGIN_RESP from ConvAccel, forwarding to HostUCIe
5082535 ps (<) : HostUCIe nb_transport_bw received phase=BEGIN_RESP addr=0x34 len=4
5082535 ps (<) : TargetUCIe peq_cb: END_RESP received from HostUCIe
5082535 ps (<) : HostUCIe peq_cb: BEGIN_RESP received from downstream target
5082535 ps (<) : TargetUCIe nb_transport_fw received phase=END_RESP addr=0x34 len=4
5082535 ps (<) : TargetUCIe peq_cb: END_RESP received from HostUCIe
5082540 ps (<) : HostUCIe peq_cb: BEGIN_REQ from gem5 bridge
5082540 ps (<) : HostUCIe Packing transaction into UCIe flits: cmd=READ addr=0x3c len=4 num_flits=1
5082540 ps (<) : HostUCIe Sending UCIe flit id=66 addr=0x3c size=4 tail=1
5082540 ps (<) : TargetUCIe nb_transport_fw received phase=BEGIN_REQ addr=0x3c len=4
5082540 ps (<) : HostUCIe Flit accepted by downstream target
5082540 ps (<) : HostUCIe Sending END_REQ back to gem5 bridge
5087204 ps (<) : TargetUCIe peq_cb: BEGIN_REQ from HostUCIe
5087204 ps (<) : TargetUCIe Received flit id=65 payload_size=4 tail=1 addr=0x38
5087204 ps (<) : TargetUCIe Sending ACK BEGIN_RESP back to HostUCIe
5087204 ps (<) : HostUCIe nb_transport_bw received phase=BEGIN_RESP addr=0x38 len=4
5087204 ps (<) : TargetUCIe Started reconstructing payload from flits
5087204 ps (<) : TargetUCIe Reconstructed length now=4
5087204 ps (<) : TargetUCIe Tail flit received. Forwarding reconstructed payload to ConvAccel
5087204 ps (<) : ConvAccel nb_transport_fw received phase=BEGIN_REQ cmd=READ addr=0x38 len=4
5087204 ps (<) : TargetUCIe ConvAccel accepted reconstructed payload
5087204 ps (<) : ConvAccel peq_cb BEGIN_REQ cmd=READ addr=0x38 len=4
5087204 ps (<) : ConvAccel SRAM READ using local offset
5087204 ps (<) : ConvAccel Sending BEGIN_RESP back to TargetUCIe
5087204 ps (<) : TargetUCIe nb_transport_bw received phase=BEGIN_RESP addr=0x38 len=4
5087204 ps (<) : HostUCIe peq_cb: BEGIN_RESP received from downstream target
5087204 ps (<) : HostUCIe Response extension: flit_id=65 ack=1 nak=0
5087204 ps (<) : HostUCIe ACK received: removed flit from retry buffer
5087204 ps (<) : TargetUCIe nb_transport_fw received phase=END_RESP addr=0x38 len=4
5087204 ps (<) : TargetUCIe peq_cb: BEGIN_RESP from ConvAccel, forwarding to HostUCIe
5087204 ps (<) : HostUCIe nb_transport_bw received phase=BEGIN_RESP addr=0x38 len=4
5087204 ps (<) : TargetUCIe peq_cb: END_RESP received from HostUCIe
5087204 ps (<) : HostUCIe peq_cb: BEGIN_RESP received from downstream target
5087204 ps (<) : TargetUCIe nb_transport_fw received phase=END_RESP addr=0x38 len=4
5087204 ps (<) : TargetUCIe peq_cb: END_RESP received from HostUCIe
5092540 ps (<) : TargetUCIe peq_cb: BEGIN_REQ from HostUCIe
5092540 ps (<) : TargetUCIe Received flit id=66 payload_size=4 tail=1 addr=0x3c
5092540 ps (<) : TargetUCIe Sending ACK BEGIN_RESP back to HostUCIe
5092540 ps (<) : HostUCIe nb_transport_bw received phase=BEGIN_RESP addr=0x3c len=4
5092540 ps (<) : TargetUCIe Started reconstructing payload from flits
5092540 ps (<) : TargetUCIe Reconstructed length now=4
5092540 ps (<) : TargetUCIe Tail flit received. Forwarding reconstructed payload to ConvAccel
5092540 ps (<) : ConvAccel nb_transport_fw received phase=BEGIN_REQ cmd=READ addr=0x3c len=4
5092540 ps (<) : TargetUCIe ConvAccel accepted reconstructed payload
5092540 ps (<) : ConvAccel peq_cb BEGIN_REQ cmd=READ addr=0x3c len=4
5092540 ps (<) : ConvAccel SRAM READ using local offset
5092540 ps (<) : ConvAccel Sending BEGIN_RESP back to TargetUCIe
5092540 ps (<) : TargetUCIe nb_transport_bw received phase=BEGIN_RESP addr=0x3c len=4
5092540 ps (<) : HostUCIe peq_cb: BEGIN_RESP received from downstream target
5092540 ps (<) : HostUCIe Response extension: flit_id=66 ack=1 nak=0
5092540 ps (<) : HostUCIe ACK received: removed flit from retry buffer
5092540 ps (<) : TargetUCIe nb_transport_fw received phase=END_RESP addr=0x3c len=4
5092540 ps (<) : TargetUCIe peq_cb: BEGIN_RESP from ConvAccel, forwarding to HostUCIe
5092540 ps (<) : HostUCIe nb_transport_bw received phase=BEGIN_RESP addr=0x3c len=4
5092540 ps (<) : TargetUCIe peq_cb: END_RESP received from HostUCIe
5092540 ps (<) : HostUCIe peq_cb: BEGIN_RESP received from downstream target
5092540 ps (<) : TargetUCIe nb_transport_fw received phase=END_RESP addr=0x3c len=4
5092540 ps (<) : TargetUCIe peq_cb: END_RESP received from HostUCIe
6005 ns (=) : HostUCIe nb_transport_fw received phase=BEGIN_REQ addr=0x0 len=4
6007002 ps (<) : HostUCIe peq_cb: BEGIN_REQ from gem5 bridge
6007002 ps (<) : HostUCIe Packing transaction into UCIe flits: cmd=READ addr=0x0 len=4 num_flits=1
6007002 ps (<) : HostUCIe Sending UCIe flit id=67 addr=0x0 size=4 tail=1
6007002 ps (<) : TargetUCIe nb_transport_fw received phase=BEGIN_REQ addr=0x0 len=4
6007002 ps (<) : HostUCIe Flit accepted by downstream target
6007002 ps (<) : HostUCIe Sending END_REQ back to gem5 bridge
6010 ns (=) : HostUCIe nb_transport_fw received phase=BEGIN_REQ addr=0x4 len=4
6012338 ps (<) : HostUCIe peq_cb: BEGIN_REQ from gem5 bridge
6012338 ps (<) : HostUCIe Packing transaction into UCIe flits: cmd=READ addr=0x4 len=4 num_flits=1
6012338 ps (<) : HostUCIe Sending UCIe flit id=68 addr=0x4 size=4 tail=1
6012338 ps (<) : TargetUCIe nb_transport_fw received phase=BEGIN_REQ addr=0x4 len=4
6012338 ps (<) : HostUCIe Flit accepted by downstream target
6012338 ps (<) : HostUCIe Sending END_REQ back to gem5 bridge
6015 ns (=) : HostUCIe nb_transport_fw received phase=BEGIN_REQ addr=0x8 len=4
6017002 ps (<) : TargetUCIe peq_cb: BEGIN_REQ from HostUCIe
6017002 ps (<) : TargetUCIe Received flit id=67 payload_size=4 tail=1 addr=0x0
6017002 ps (<) : TargetUCIe Sending ACK BEGIN_RESP back to HostUCIe
6017002 ps (<) : HostUCIe nb_transport_bw received phase=BEGIN_RESP addr=0x0 len=4
6017002 ps (<) : TargetUCIe Started reconstructing payload from flits
6017002 ps (<) : TargetUCIe Reconstructed length now=4
6017002 ps (<) : TargetUCIe Tail flit received. Forwarding reconstructed payload to ConvAccel
6017002 ps (<) : ConvAccel nb_transport_fw received phase=BEGIN_REQ cmd=READ addr=0x0 len=4
6017002 ps (<) : TargetUCIe ConvAccel accepted reconstructed payload
6017002 ps (<) : ConvAccel peq_cb BEGIN_REQ cmd=READ addr=0x0 len=4
6017002 ps (<) : ConvAccel SRAM READ using local offset
6017002 ps (<) : ConvAccel Sending BEGIN_RESP back to TargetUCIe
6017002 ps (<) : TargetUCIe nb_transport_bw received phase=BEGIN_RESP addr=0x0 len=4
6017002 ps (<) : HostUCIe peq_cb: BEGIN_RESP received from downstream target
6017002 ps (<) : HostUCIe Response extension: flit_id=67 ack=1 nak=0
6017002 ps (<) : HostUCIe ACK received: removed flit from retry buffer
6017002 ps (<) : TargetUCIe nb_transport_fw received phase=END_RESP addr=0x0 len=4
6017002 ps (<) : TargetUCIe peq_cb: BEGIN_RESP from ConvAccel, forwarding to HostUCIe
6017002 ps (<) : HostUCIe nb_transport_bw received phase=BEGIN_RESP addr=0x0 len=4
6017002 ps (<) : TargetUCIe peq_cb: END_RESP received from HostUCIe
6017002 ps (<) : HostUCIe peq_cb: BEGIN_RESP received from downstream target
6017002 ps (<) : TargetUCIe nb_transport_fw received phase=END_RESP addr=0x0 len=4
6017002 ps (<) : TargetUCIe peq_cb: END_RESP received from HostUCIe
6017007 ps (<) : HostUCIe peq_cb: BEGIN_REQ from gem5 bridge
6017007 ps (<) : HostUCIe Packing transaction into UCIe flits: cmd=READ addr=0x8 len=4 num_flits=1
6017007 ps (<) : HostUCIe Sending UCIe flit id=69 addr=0x8 size=4 tail=1
6017007 ps (<) : TargetUCIe nb_transport_fw received phase=BEGIN_REQ addr=0x8 len=4
6017007 ps (<) : HostUCIe Flit accepted by downstream target
6017007 ps (<) : HostUCIe Sending END_REQ back to gem5 bridge
6020 ns (=) : HostUCIe nb_transport_fw received phase=BEGIN_REQ addr=0xc len=4
6022338 ps (<) : TargetUCIe peq_cb: BEGIN_REQ from HostUCIe
6022338 ps (<) : TargetUCIe Received flit id=68 payload_size=4 tail=1 addr=0x4
6022338 ps (<) : TargetUCIe Sending ACK BEGIN_RESP back to HostUCIe
6022338 ps (<) : HostUCIe nb_transport_bw received phase=BEGIN_RESP addr=0x4 len=4
6022338 ps (<) : TargetUCIe Started reconstructing payload from flits
6022338 ps (<) : TargetUCIe Reconstructed length now=4
6022338 ps (<) : TargetUCIe Tail flit received. Forwarding reconstructed payload to ConvAccel
6022338 ps (<) : ConvAccel nb_transport_fw received phase=BEGIN_REQ cmd=READ addr=0x4 len=4
6022338 ps (<) : TargetUCIe ConvAccel accepted reconstructed payload
6022338 ps (<) : ConvAccel peq_cb BEGIN_REQ cmd=READ addr=0x4 len=4
6022338 ps (<) : ConvAccel SRAM READ using local offset
6022338 ps (<) : ConvAccel Sending BEGIN_RESP back to TargetUCIe
6022338 ps (<) : TargetUCIe nb_transport_bw received phase=BEGIN_RESP addr=0x4 len=4
6022338 ps (<) : HostUCIe peq_cb: BEGIN_RESP received from downstream target
6022338 ps (<) : HostUCIe Response extension: flit_id=68 ack=1 nak=0
6022338 ps (<) : HostUCIe ACK received: removed flit from retry buffer
6022338 ps (<) : TargetUCIe nb_transport_fw received phase=END_RESP addr=0x4 len=4
6022338 ps (<) : TargetUCIe peq_cb: BEGIN_RESP from ConvAccel, forwarding to HostUCIe
6022338 ps (<) : HostUCIe nb_transport_bw received phase=BEGIN_RESP addr=0x4 len=4
6022338 ps (<) : TargetUCIe peq_cb: END_RESP received from HostUCIe
6022338 ps (<) : HostUCIe peq_cb: BEGIN_RESP received from downstream target
6022338 ps (<) : TargetUCIe nb_transport_fw received phase=END_RESP addr=0x4 len=4
6022338 ps (<) : TargetUCIe peq_cb: END_RESP received from HostUCIe
6022343 ps (<) : HostUCIe peq_cb: BEGIN_REQ from gem5 bridge
6022343 ps (<) : HostUCIe Packing transaction into UCIe flits: cmd=READ addr=0xc len=4 num_flits=1
6022343 ps (<) : HostUCIe Sending UCIe flit id=70 addr=0xc size=4 tail=1
6022343 ps (<) : TargetUCIe nb_transport_fw received phase=BEGIN_REQ addr=0xc len=4
6022343 ps (<) : HostUCIe Flit accepted by downstream target
6022343 ps (<) : HostUCIe Sending END_REQ back to gem5 bridge
6025 ns (=) : HostUCIe nb_transport_fw received phase=BEGIN_REQ addr=0x10 len=4
6027007 ps (<) : TargetUCIe peq_cb: BEGIN_REQ from HostUCIe
6027007 ps (<) : TargetUCIe Received flit id=69 payload_size=4 tail=1 addr=0x8
6027007 ps (<) : TargetUCIe Sending ACK BEGIN_RESP back to HostUCIe
6027007 ps (<) : HostUCIe nb_transport_bw received phase=BEGIN_RESP addr=0x8 len=4
6027007 ps (<) : TargetUCIe Started reconstructing payload from flits
6027007 ps (<) : TargetUCIe Reconstructed length now=4
6027007 ps (<) : TargetUCIe Tail flit received. Forwarding reconstructed payload to ConvAccel
6027007 ps (<) : ConvAccel nb_transport_fw received phase=BEGIN_REQ cmd=READ addr=0x8 len=4
6027007 ps (<) : TargetUCIe ConvAccel accepted reconstructed payload
6027007 ps (<) : ConvAccel peq_cb BEGIN_REQ cmd=READ addr=0x8 len=4
6027007 ps (<) : ConvAccel SRAM READ using local offset
6027007 ps (<) : ConvAccel Sending BEGIN_RESP back to TargetUCIe
6027007 ps (<) : TargetUCIe nb_transport_bw received phase=BEGIN_RESP addr=0x8 len=4
6027007 ps (<) : HostUCIe peq_cb: BEGIN_RESP received from downstream target
6027007 ps (<) : HostUCIe Response extension: flit_id=69 ack=1 nak=0
6027007 ps (<) : HostUCIe ACK received: removed flit from retry buffer
6027007 ps (<) : TargetUCIe nb_transport_fw received phase=END_RESP addr=0x8 len=4
6027007 ps (<) : TargetUCIe peq_cb: BEGIN_RESP from ConvAccel, forwarding to HostUCIe
6027007 ps (<) : HostUCIe nb_transport_bw received phase=BEGIN_RESP addr=0x8 len=4
6027007 ps (<) : TargetUCIe peq_cb: END_RESP received from HostUCIe
6027007 ps (<) : HostUCIe peq_cb: BEGIN_RESP received from downstream target
6027007 ps (<) : TargetUCIe nb_transport_fw received phase=END_RESP addr=0x8 len=4
6027007 ps (<) : TargetUCIe peq_cb: END_RESP received from HostUCIe
6027012 ps (<) : HostUCIe peq_cb: BEGIN_REQ from gem5 bridge
6027012 ps (<) : HostUCIe Packing transaction into UCIe flits: cmd=READ addr=0x10 len=4 num_flits=1
6027012 ps (<) : HostUCIe Sending UCIe flit id=71 addr=0x10 size=4 tail=1
6027012 ps (<) : TargetUCIe nb_transport_fw received phase=BEGIN_REQ addr=0x10 len=4
6027012 ps (<) : HostUCIe Flit accepted by downstream target
6027012 ps (<) : HostUCIe Sending END_REQ back to gem5 bridge
6030 ns (=) : HostUCIe nb_transport_fw received phase=BEGIN_REQ addr=0x14 len=4
6032343 ps (<) : TargetUCIe peq_cb: BEGIN_REQ from HostUCIe
6032343 ps (<) : TargetUCIe Received flit id=70 payload_size=4 tail=1 addr=0xc
6032343 ps (<) : TargetUCIe Sending ACK BEGIN_RESP back to HostUCIe
6032343 ps (<) : HostUCIe nb_transport_bw received phase=BEGIN_RESP addr=0xc len=4
6032343 ps (<) : TargetUCIe Started reconstructing payload from flits
6032343 ps (<) : TargetUCIe Reconstructed length now=4
6032343 ps (<) : TargetUCIe Tail flit received. Forwarding reconstructed payload to ConvAccel
6032343 ps (<) : ConvAccel nb_transport_fw received phase=BEGIN_REQ cmd=READ addr=0xc len=4
6032343 ps (<) : TargetUCIe ConvAccel accepted reconstructed payload
6032343 ps (<) : ConvAccel peq_cb BEGIN_REQ cmd=READ addr=0xc len=4
6032343 ps (<) : ConvAccel SRAM READ using local offset
6032343 ps (<) : ConvAccel Sending BEGIN_RESP back to TargetUCIe
6032343 ps (<) : TargetUCIe nb_transport_bw received phase=BEGIN_RESP addr=0xc len=4
6032343 ps (<) : HostUCIe peq_cb: BEGIN_RESP received from downstream target
6032343 ps (<) : HostUCIe Response extension: flit_id=70 ack=1 nak=0
6032343 ps (<) : HostUCIe ACK received: removed flit from retry buffer
6032343 ps (<) : TargetUCIe nb_transport_fw received phase=END_RESP addr=0xc len=4
6032343 ps (<) : TargetUCIe peq_cb: BEGIN_RESP from ConvAccel, forwarding to HostUCIe
6032343 ps (<) : HostUCIe nb_transport_bw received phase=BEGIN_RESP addr=0xc len=4
6032343 ps (<) : TargetUCIe peq_cb: END_RESP received from HostUCIe
6032343 ps (<) : HostUCIe peq_cb: BEGIN_RESP received from downstream target
6032343 ps (<) : TargetUCIe nb_transport_fw received phase=END_RESP addr=0xc len=4
6032343 ps (<) : TargetUCIe peq_cb: END_RESP received from HostUCIe
6032348 ps (<) : HostUCIe peq_cb: BEGIN_REQ from gem5 bridge
6032348 ps (<) : HostUCIe Packing transaction into UCIe flits: cmd=READ addr=0x14 len=4 num_flits=1
6032348 ps (<) : HostUCIe Sending UCIe flit id=72 addr=0x14 size=4 tail=1
6032348 ps (<) : TargetUCIe nb_transport_fw received phase=BEGIN_REQ addr=0x14 len=4
6032348 ps (<) : HostUCIe Flit accepted by downstream target
6032348 ps (<) : HostUCIe Sending END_REQ back to gem5 bridge
6035 ns (=) : HostUCIe nb_transport_fw received phase=BEGIN_REQ addr=0x18 len=4
6037012 ps (<) : TargetUCIe peq_cb: BEGIN_REQ from HostUCIe
6037012 ps (<) : TargetUCIe Received flit id=71 payload_size=4 tail=1 addr=0x10
6037012 ps (<) : TargetUCIe Sending ACK BEGIN_RESP back to HostUCIe
6037012 ps (<) : HostUCIe nb_transport_bw received phase=BEGIN_RESP addr=0x10 len=4
6037012 ps (<) : TargetUCIe Started reconstructing payload from flits
6037012 ps (<) : TargetUCIe Reconstructed length now=4
6037012 ps (<) : TargetUCIe Tail flit received. Forwarding reconstructed payload to ConvAccel
6037012 ps (<) : ConvAccel nb_transport_fw received phase=BEGIN_REQ cmd=READ addr=0x10 len=4
6037012 ps (<) : TargetUCIe ConvAccel accepted reconstructed payload
6037012 ps (<) : ConvAccel peq_cb BEGIN_REQ cmd=READ addr=0x10 len=4
6037012 ps (<) : ConvAccel SRAM READ using local offset
6037012 ps (<) : ConvAccel Sending BEGIN_RESP back to TargetUCIe
6037012 ps (<) : TargetUCIe nb_transport_bw received phase=BEGIN_RESP addr=0x10 len=4
6037012 ps (<) : HostUCIe peq_cb: BEGIN_RESP received from downstream target
6037012 ps (<) : HostUCIe Response extension: flit_id=71 ack=1 nak=0
6037012 ps (<) : HostUCIe ACK received: removed flit from retry buffer
6037012 ps (<) : TargetUCIe nb_transport_fw received phase=END_RESP addr=0x10 len=4
6037012 ps (<) : TargetUCIe peq_cb: BEGIN_RESP from ConvAccel, forwarding to HostUCIe
6037012 ps (<) : HostUCIe nb_transport_bw received phase=BEGIN_RESP addr=0x10 len=4
6037012 ps (<) : TargetUCIe peq_cb: END_RESP received from HostUCIe
6037012 ps (<) : HostUCIe peq_cb: BEGIN_RESP received from downstream target
6037012 ps (<) : TargetUCIe nb_transport_fw received phase=END_RESP addr=0x10 len=4
6037012 ps (<) : TargetUCIe peq_cb: END_RESP received from HostUCIe
6037017 ps (<) : HostUCIe peq_cb: BEGIN_REQ from gem5 bridge
6037017 ps (<) : HostUCIe Packing transaction into UCIe flits: cmd=READ addr=0x18 len=4 num_flits=1
6037017 ps (<) : HostUCIe Sending UCIe flit id=73 addr=0x18 size=4 tail=1
6037017 ps (<) : TargetUCIe nb_transport_fw received phase=BEGIN_REQ addr=0x18 len=4
6037017 ps (<) : HostUCIe Flit accepted by downstream target
6037017 ps (<) : HostUCIe Sending END_REQ back to gem5 bridge
6040 ns (=) : HostUCIe nb_transport_fw received phase=BEGIN_REQ addr=0x1c len=4
6042348 ps (<) : TargetUCIe peq_cb: BEGIN_REQ from HostUCIe
6042348 ps (<) : TargetUCIe Received flit id=72 payload_size=4 tail=1 addr=0x14
6042348 ps (<) : TargetUCIe Sending ACK BEGIN_RESP back to HostUCIe
6042348 ps (<) : HostUCIe nb_transport_bw received phase=BEGIN_RESP addr=0x14 len=4
6042348 ps (<) : TargetUCIe Started reconstructing payload from flits
6042348 ps (<) : TargetUCIe Reconstructed length now=4
6042348 ps (<) : TargetUCIe Tail flit received. Forwarding reconstructed payload to ConvAccel
6042348 ps (<) : ConvAccel nb_transport_fw received phase=BEGIN_REQ cmd=READ addr=0x14 len=4
6042348 ps (<) : TargetUCIe ConvAccel accepted reconstructed payload
6042348 ps (<) : ConvAccel peq_cb BEGIN_REQ cmd=READ addr=0x14 len=4
6042348 ps (<) : ConvAccel SRAM READ using local offset
6042348 ps (<) : ConvAccel Sending BEGIN_RESP back to TargetUCIe
6042348 ps (<) : TargetUCIe nb_transport_bw received phase=BEGIN_RESP addr=0x14 len=4
6042348 ps (<) : HostUCIe peq_cb: BEGIN_RESP received from downstream target
6042348 ps (<) : HostUCIe Response extension: flit_id=72 ack=1 nak=0
6042348 ps (<) : HostUCIe ACK received: removed flit from retry buffer
6042348 ps (<) : TargetUCIe nb_transport_fw received phase=END_RESP addr=0x14 len=4
6042348 ps (<) : TargetUCIe peq_cb: BEGIN_RESP from ConvAccel, forwarding to HostUCIe
6042348 ps (<) : HostUCIe nb_transport_bw received phase=BEGIN_RESP addr=0x14 len=4
6042348 ps (<) : TargetUCIe peq_cb: END_RESP received from HostUCIe
6042348 ps (<) : HostUCIe peq_cb: BEGIN_RESP received from downstream target
6042348 ps (<) : TargetUCIe nb_transport_fw received phase=END_RESP addr=0x14 len=4
6042348 ps (<) : TargetUCIe peq_cb: END_RESP received from HostUCIe
6042353 ps (<) : HostUCIe peq_cb: BEGIN_REQ from gem5 bridge
6042353 ps (<) : HostUCIe Packing transaction into UCIe flits: cmd=READ addr=0x1c len=4 num_flits=1
6042353 ps (<) : HostUCIe Sending UCIe flit id=74 addr=0x1c size=4 tail=1
6042353 ps (<) : TargetUCIe nb_transport_fw received phase=BEGIN_REQ addr=0x1c len=4
6042353 ps (<) : HostUCIe Flit accepted by downstream target
6042353 ps (<) : HostUCIe Sending END_REQ back to gem5 bridge
6045 ns (=) : HostUCIe nb_transport_fw received phase=BEGIN_REQ addr=0x20 len=4
6047017 ps (<) : TargetUCIe peq_cb: BEGIN_REQ from HostUCIe
6047017 ps (<) : TargetUCIe Received flit id=73 payload_size=4 tail=1 addr=0x18
6047017 ps (<) : TargetUCIe Sending ACK BEGIN_RESP back to HostUCIe
6047017 ps (<) : HostUCIe nb_transport_bw received phase=BEGIN_RESP addr=0x18 len=4
6047017 ps (<) : TargetUCIe Started reconstructing payload from flits
6047017 ps (<) : TargetUCIe Reconstructed length now=4
6047017 ps (<) : TargetUCIe Tail flit received. Forwarding reconstructed payload to ConvAccel
6047017 ps (<) : ConvAccel nb_transport_fw received phase=BEGIN_REQ cmd=READ addr=0x18 len=4
6047017 ps (<) : TargetUCIe ConvAccel accepted reconstructed payload
6047017 ps (<) : ConvAccel peq_cb BEGIN_REQ cmd=READ addr=0x18 len=4
6047017 ps (<) : ConvAccel SRAM READ using local offset
6047017 ps (<) : ConvAccel Sending BEGIN_RESP back to TargetUCIe
6047017 ps (<) : TargetUCIe nb_transport_bw received phase=BEGIN_RESP addr=0x18 len=4
6047017 ps (<) : HostUCIe peq_cb: BEGIN_RESP received from downstream target
6047017 ps (<) : HostUCIe Response extension: flit_id=73 ack=1 nak=0
6047017 ps (<) : HostUCIe ACK received: removed flit from retry buffer
6047017 ps (<) : TargetUCIe nb_transport_fw received phase=END_RESP addr=0x18 len=4
6047017 ps (<) : TargetUCIe peq_cb: BEGIN_RESP from ConvAccel, forwarding to HostUCIe
6047017 ps (<) : HostUCIe nb_transport_bw received phase=BEGIN_RESP addr=0x18 len=4
6047017 ps (<) : TargetUCIe peq_cb: END_RESP received from HostUCIe
6047017 ps (<) : HostUCIe peq_cb: BEGIN_RESP received from downstream target
6047017 ps (<) : TargetUCIe nb_transport_fw received phase=END_RESP addr=0x18 len=4
6047017 ps (<) : TargetUCIe peq_cb: END_RESP received from HostUCIe
6047022 ps (<) : HostUCIe peq_cb: BEGIN_REQ from gem5 bridge
6047022 ps (<) : HostUCIe Packing transaction into UCIe flits: cmd=READ addr=0x20 len=4 num_flits=1
6047022 ps (<) : HostUCIe Sending UCIe flit id=75 addr=0x20 size=4 tail=1
6047022 ps (<) : TargetUCIe nb_transport_fw received phase=BEGIN_REQ addr=0x20 len=4
6047022 ps (<) : HostUCIe Flit accepted by downstream target
6047022 ps (<) : HostUCIe Sending END_REQ back to gem5 bridge
6050 ns (=) : HostUCIe nb_transport_fw received phase=BEGIN_REQ addr=0x24 len=4
6052353 ps (<) : TargetUCIe peq_cb: BEGIN_REQ from HostUCIe
6052353 ps (<) : TargetUCIe Received flit id=74 payload_size=4 tail=1 addr=0x1c
6052353 ps (<) : TargetUCIe Sending ACK BEGIN_RESP back to HostUCIe
6052353 ps (<) : HostUCIe nb_transport_bw received phase=BEGIN_RESP addr=0x1c len=4
6052353 ps (<) : TargetUCIe Started reconstructing payload from flits
6052353 ps (<) : TargetUCIe Reconstructed length now=4
6052353 ps (<) : TargetUCIe Tail flit received. Forwarding reconstructed payload to ConvAccel
6052353 ps (<) : ConvAccel nb_transport_fw received phase=BEGIN_REQ cmd=READ addr=0x1c len=4
6052353 ps (<) : TargetUCIe ConvAccel accepted reconstructed payload
6052353 ps (<) : ConvAccel peq_cb BEGIN_REQ cmd=READ addr=0x1c len=4
6052353 ps (<) : ConvAccel SRAM READ using local offset
6052353 ps (<) : ConvAccel Sending BEGIN_RESP back to TargetUCIe
6052353 ps (<) : TargetUCIe nb_transport_bw received phase=BEGIN_RESP addr=0x1c len=4
6052353 ps (<) : HostUCIe peq_cb: BEGIN_RESP received from downstream target
6052353 ps (<) : HostUCIe Response extension: flit_id=74 ack=1 nak=0
6052353 ps (<) : HostUCIe ACK received: removed flit from retry buffer
6052353 ps (<) : TargetUCIe nb_transport_fw received phase=END_RESP addr=0x1c len=4
6052353 ps (<) : TargetUCIe peq_cb: BEGIN_RESP from ConvAccel, forwarding to HostUCIe
6052353 ps (<) : HostUCIe nb_transport_bw received phase=BEGIN_RESP addr=0x1c len=4
6052353 ps (<) : TargetUCIe peq_cb: END_RESP received from HostUCIe
6052353 ps (<) : HostUCIe peq_cb: BEGIN_RESP received from downstream target
6052353 ps (<) : TargetUCIe nb_transport_fw received phase=END_RESP addr=0x1c len=4
6052353 ps (<) : TargetUCIe peq_cb: END_RESP received from HostUCIe
6052358 ps (<) : HostUCIe peq_cb: BEGIN_REQ from gem5 bridge
6052358 ps (<) : HostUCIe Packing transaction into UCIe flits: cmd=READ addr=0x24 len=4 num_flits=1
6052358 ps (<) : HostUCIe Sending UCIe flit id=76 addr=0x24 size=4 tail=1
6052358 ps (<) : TargetUCIe nb_transport_fw received phase=BEGIN_REQ addr=0x24 len=4
6052358 ps (<) : HostUCIe Flit accepted by downstream target
6052358 ps (<) : HostUCIe Sending END_REQ back to gem5 bridge
6055 ns (=) : HostUCIe nb_transport_fw received phase=BEGIN_REQ addr=0x28 len=4
6057022 ps (<) : TargetUCIe peq_cb: BEGIN_REQ from HostUCIe
6057022 ps (<) : TargetUCIe Received flit id=75 payload_size=4 tail=1 addr=0x20
6057022 ps (<) : TargetUCIe Sending ACK BEGIN_RESP back to HostUCIe
6057022 ps (<) : HostUCIe nb_transport_bw received phase=BEGIN_RESP addr=0x20 len=4
6057022 ps (<) : TargetUCIe Started reconstructing payload from flits
6057022 ps (<) : TargetUCIe Reconstructed length now=4
6057022 ps (<) : TargetUCIe Tail flit received. Forwarding reconstructed payload to ConvAccel
6057022 ps (<) : ConvAccel nb_transport_fw received phase=BEGIN_REQ cmd=READ addr=0x20 len=4
6057022 ps (<) : TargetUCIe ConvAccel accepted reconstructed payload
6057022 ps (<) : ConvAccel peq_cb BEGIN_REQ cmd=READ addr=0x20 len=4
6057022 ps (<) : ConvAccel SRAM READ using local offset
6057022 ps (<) : ConvAccel Sending BEGIN_RESP back to TargetUCIe
6057022 ps (<) : TargetUCIe nb_transport_bw received phase=BEGIN_RESP addr=0x20 len=4
6057022 ps (<) : HostUCIe peq_cb: BEGIN_RESP received from downstream target
6057022 ps (<) : HostUCIe Response extension: flit_id=75 ack=1 nak=0
6057022 ps (<) : HostUCIe ACK received: removed flit from retry buffer
6057022 ps (<) : TargetUCIe nb_transport_fw received phase=END_RESP addr=0x20 len=4
6057022 ps (<) : TargetUCIe peq_cb: BEGIN_RESP from ConvAccel, forwarding to HostUCIe
6057022 ps (<) : HostUCIe nb_transport_bw received phase=BEGIN_RESP addr=0x20 len=4
6057022 ps (<) : TargetUCIe peq_cb: END_RESP received from HostUCIe
6057022 ps (<) : HostUCIe peq_cb: BEGIN_RESP received from downstream target
6057022 ps (<) : TargetUCIe nb_transport_fw received phase=END_RESP addr=0x20 len=4
6057022 ps (<) : TargetUCIe peq_cb: END_RESP received from HostUCIe
6057027 ps (<) : HostUCIe peq_cb: BEGIN_REQ from gem5 bridge
6057027 ps (<) : HostUCIe Packing transaction into UCIe flits: cmd=READ addr=0x28 len=4 num_flits=1
6057027 ps (<) : HostUCIe Sending UCIe flit id=77 addr=0x28 size=4 tail=1
6057027 ps (<) : TargetUCIe nb_transport_fw received phase=BEGIN_REQ addr=0x28 len=4
6057027 ps (<) : HostUCIe Flit accepted by downstream target
6057027 ps (<) : HostUCIe Sending END_REQ back to gem5 bridge
6060 ns (=) : HostUCIe nb_transport_fw received phase=BEGIN_REQ addr=0x2c len=4
6062358 ps (<) : TargetUCIe peq_cb: BEGIN_REQ from HostUCIe
6062358 ps (<) : TargetUCIe Received flit id=76 payload_size=4 tail=1 addr=0x24
6062358 ps (<) : TargetUCIe Sending ACK BEGIN_RESP back to HostUCIe
6062358 ps (<) : HostUCIe nb_transport_bw received phase=BEGIN_RESP addr=0x24 len=4
6062358 ps (<) : TargetUCIe Started reconstructing payload from flits
6062358 ps (<) : TargetUCIe Reconstructed length now=4
6062358 ps (<) : TargetUCIe Tail flit received. Forwarding reconstructed payload to ConvAccel
6062358 ps (<) : ConvAccel nb_transport_fw received phase=BEGIN_REQ cmd=READ addr=0x24 len=4
6062358 ps (<) : TargetUCIe ConvAccel accepted reconstructed payload
6062358 ps (<) : ConvAccel peq_cb BEGIN_REQ cmd=READ addr=0x24 len=4
6062358 ps (<) : ConvAccel SRAM READ using local offset
6062358 ps (<) : ConvAccel Sending BEGIN_RESP back to TargetUCIe
6062358 ps (<) : TargetUCIe nb_transport_bw received phase=BEGIN_RESP addr=0x24 len=4
6062358 ps (<) : HostUCIe peq_cb: BEGIN_RESP received from downstream target
6062358 ps (<) : HostUCIe Response extension: flit_id=76 ack=1 nak=0
6062358 ps (<) : HostUCIe ACK received: removed flit from retry buffer
6062358 ps (<) : TargetUCIe nb_transport_fw received phase=END_RESP addr=0x24 len=4
6062358 ps (<) : TargetUCIe peq_cb: BEGIN_RESP from ConvAccel, forwarding to HostUCIe
6062358 ps (<) : HostUCIe nb_transport_bw received phase=BEGIN_RESP addr=0x24 len=4
6062358 ps (<) : TargetUCIe peq_cb: END_RESP received from HostUCIe
6062358 ps (<) : HostUCIe peq_cb: BEGIN_RESP received from downstream target
6062358 ps (<) : TargetUCIe nb_transport_fw received phase=END_RESP addr=0x24 len=4
6062358 ps (<) : TargetUCIe peq_cb: END_RESP received from HostUCIe
6062363 ps (<) : HostUCIe peq_cb: BEGIN_REQ from gem5 bridge
6062363 ps (<) : HostUCIe Packing transaction into UCIe flits: cmd=READ addr=0x2c len=4 num_flits=1
6062363 ps (<) : HostUCIe Sending UCIe flit id=78 addr=0x2c size=4 tail=1
6062363 ps (<) : TargetUCIe nb_transport_fw received phase=BEGIN_REQ addr=0x2c len=4
6062363 ps (<) : HostUCIe Flit accepted by downstream target
6062363 ps (<) : HostUCIe Sending END_REQ back to gem5 bridge
6065 ns (=) : HostUCIe nb_transport_fw received phase=BEGIN_REQ addr=0x30 len=4
6067027 ps (<) : TargetUCIe peq_cb: BEGIN_REQ from HostUCIe
6067027 ps (<) : TargetUCIe Received flit id=77 payload_size=4 tail=1 addr=0x28
6067027 ps (<) : TargetUCIe Sending ACK BEGIN_RESP back to HostUCIe
6067027 ps (<) : HostUCIe nb_transport_bw received phase=BEGIN_RESP addr=0x28 len=4
6067027 ps (<) : TargetUCIe Started reconstructing payload from flits
6067027 ps (<) : TargetUCIe Reconstructed length now=4
6067027 ps (<) : TargetUCIe Tail flit received. Forwarding reconstructed payload to ConvAccel
6067027 ps (<) : ConvAccel nb_transport_fw received phase=BEGIN_REQ cmd=READ addr=0x28 len=4
6067027 ps (<) : TargetUCIe ConvAccel accepted reconstructed payload
6067027 ps (<) : ConvAccel peq_cb BEGIN_REQ cmd=READ addr=0x28 len=4
6067027 ps (<) : ConvAccel SRAM READ using local offset
6067027 ps (<) : ConvAccel Sending BEGIN_RESP back to TargetUCIe
6067027 ps (<) : TargetUCIe nb_transport_bw received phase=BEGIN_RESP addr=0x28 len=4
6067027 ps (<) : HostUCIe peq_cb: BEGIN_RESP received from downstream target
6067027 ps (<) : HostUCIe Response extension: flit_id=77 ack=1 nak=0
6067027 ps (<) : HostUCIe ACK received: removed flit from retry buffer
6067027 ps (<) : TargetUCIe nb_transport_fw received phase=END_RESP addr=0x28 len=4
6067027 ps (<) : TargetUCIe peq_cb: BEGIN_RESP from ConvAccel, forwarding to HostUCIe
6067027 ps (<) : HostUCIe nb_transport_bw received phase=BEGIN_RESP addr=0x28 len=4
6067027 ps (<) : TargetUCIe peq_cb: END_RESP received from HostUCIe
6067027 ps (<) : HostUCIe peq_cb: BEGIN_RESP received from downstream target
6067027 ps (<) : TargetUCIe nb_transport_fw received phase=END_RESP addr=0x28 len=4
6067027 ps (<) : TargetUCIe peq_cb: END_RESP received from HostUCIe
6067032 ps (<) : HostUCIe peq_cb: BEGIN_REQ from gem5 bridge
6067032 ps (<) : HostUCIe Packing transaction into UCIe flits: cmd=READ addr=0x30 len=4 num_flits=1
6067032 ps (<) : HostUCIe Sending UCIe flit id=79 addr=0x30 size=4 tail=1
6067032 ps (<) : TargetUCIe nb_transport_fw received phase=BEGIN_REQ addr=0x30 len=4
6067032 ps (<) : HostUCIe Flit accepted by downstream target
6067032 ps (<) : HostUCIe Sending END_REQ back to gem5 bridge
6070 ns (=) : HostUCIe nb_transport_fw received phase=BEGIN_REQ addr=0x34 len=4
6072363 ps (<) : TargetUCIe peq_cb: BEGIN_REQ from HostUCIe
6072363 ps (<) : TargetUCIe Received flit id=78 payload_size=4 tail=1 addr=0x2c
6072363 ps (<) : TargetUCIe Sending ACK BEGIN_RESP back to HostUCIe
6072363 ps (<) : HostUCIe nb_transport_bw received phase=BEGIN_RESP addr=0x2c len=4
6072363 ps (<) : TargetUCIe Started reconstructing payload from flits
6072363 ps (<) : TargetUCIe Reconstructed length now=4
6072363 ps (<) : TargetUCIe Tail flit received. Forwarding reconstructed payload to ConvAccel
6072363 ps (<) : ConvAccel nb_transport_fw received phase=BEGIN_REQ cmd=READ addr=0x2c len=4
6072363 ps (<) : TargetUCIe ConvAccel accepted reconstructed payload
6072363 ps (<) : ConvAccel peq_cb BEGIN_REQ cmd=READ addr=0x2c len=4
6072363 ps (<) : ConvAccel SRAM READ using local offset
6072363 ps (<) : ConvAccel Sending BEGIN_RESP back to TargetUCIe
6072363 ps (<) : TargetUCIe nb_transport_bw received phase=BEGIN_RESP addr=0x2c len=4
6072363 ps (<) : HostUCIe peq_cb: BEGIN_RESP received from downstream target
6072363 ps (<) : HostUCIe Response extension: flit_id=78 ack=1 nak=0
6072363 ps (<) : HostUCIe ACK received: removed flit from retry buffer
6072363 ps (<) : TargetUCIe nb_transport_fw received phase=END_RESP addr=0x2c len=4
6072363 ps (<) : TargetUCIe peq_cb: BEGIN_RESP from ConvAccel, forwarding to HostUCIe
6072363 ps (<) : HostUCIe nb_transport_bw received phase=BEGIN_RESP addr=0x2c len=4
6072363 ps (<) : TargetUCIe peq_cb: END_RESP received from HostUCIe
6072363 ps (<) : HostUCIe peq_cb: BEGIN_RESP received from downstream target
6072363 ps (<) : TargetUCIe nb_transport_fw received phase=END_RESP addr=0x2c len=4
6072363 ps (<) : TargetUCIe peq_cb: END_RESP received from HostUCIe
6072368 ps (<) : HostUCIe peq_cb: BEGIN_REQ from gem5 bridge
6072368 ps (<) : HostUCIe Packing transaction into UCIe flits: cmd=READ addr=0x34 len=4 num_flits=1
6072368 ps (<) : HostUCIe Sending UCIe flit id=80 addr=0x34 size=4 tail=1
6072368 ps (<) : TargetUCIe nb_transport_fw received phase=BEGIN_REQ addr=0x34 len=4
6072368 ps (<) : HostUCIe Flit accepted by downstream target
6072368 ps (<) : HostUCIe Sending END_REQ back to gem5 bridge
6075 ns (=) : HostUCIe nb_transport_fw received phase=BEGIN_REQ addr=0x38 len=4
6077032 ps (<) : TargetUCIe peq_cb: BEGIN_REQ from HostUCIe
6077032 ps (<) : TargetUCIe Received flit id=79 payload_size=4 tail=1 addr=0x30
6077032 ps (<) : TargetUCIe Sending ACK BEGIN_RESP back to HostUCIe
6077032 ps (<) : HostUCIe nb_transport_bw received phase=BEGIN_RESP addr=0x30 len=4
6077032 ps (<) : TargetUCIe Started reconstructing payload from flits
6077032 ps (<) : TargetUCIe Reconstructed length now=4
6077032 ps (<) : TargetUCIe Tail flit received. Forwarding reconstructed payload to ConvAccel
6077032 ps (<) : ConvAccel nb_transport_fw received phase=BEGIN_REQ cmd=READ addr=0x30 len=4
6077032 ps (<) : TargetUCIe ConvAccel accepted reconstructed payload
6077032 ps (<) : ConvAccel peq_cb BEGIN_REQ cmd=READ addr=0x30 len=4
6077032 ps (<) : ConvAccel SRAM READ using local offset
6077032 ps (<) : ConvAccel Sending BEGIN_RESP back to TargetUCIe
6077032 ps (<) : TargetUCIe nb_transport_bw received phase=BEGIN_RESP addr=0x30 len=4
6077032 ps (<) : HostUCIe peq_cb: BEGIN_RESP received from downstream target
6077032 ps (<) : HostUCIe Response extension: flit_id=79 ack=1 nak=0
6077032 ps (<) : HostUCIe ACK received: removed flit from retry buffer
6077032 ps (<) : TargetUCIe nb_transport_fw received phase=END_RESP addr=0x30 len=4
6077032 ps (<) : TargetUCIe peq_cb: BEGIN_RESP from ConvAccel, forwarding to HostUCIe
6077032 ps (<) : HostUCIe nb_transport_bw received phase=BEGIN_RESP addr=0x30 len=4
6077032 ps (<) : TargetUCIe peq_cb: END_RESP received from HostUCIe
6077032 ps (<) : HostUCIe peq_cb: BEGIN_RESP received from downstream target
6077032 ps (<) : TargetUCIe nb_transport_fw received phase=END_RESP addr=0x30 len=4
6077032 ps (<) : TargetUCIe peq_cb: END_RESP received from HostUCIe
6077037 ps (<) : HostUCIe peq_cb: BEGIN_REQ from gem5 bridge
6077037 ps (<) : HostUCIe Packing transaction into UCIe flits: cmd=READ addr=0x38 len=4 num_flits=1
6077037 ps (<) : HostUCIe Sending UCIe flit id=81 addr=0x38 size=4 tail=1
6077037 ps (<) : TargetUCIe nb_transport_fw received phase=BEGIN_REQ addr=0x38 len=4
6077037 ps (<) : HostUCIe Flit accepted by downstream target
6077037 ps (<) : HostUCIe Sending END_REQ back to gem5 bridge
6080 ns (=) : HostUCIe nb_transport_fw received phase=BEGIN_REQ addr=0x3c len=4
6082368 ps (<) : TargetUCIe peq_cb: BEGIN_REQ from HostUCIe
6082368 ps (<) : TargetUCIe Received flit id=80 payload_size=4 tail=1 addr=0x34
6082368 ps (<) : TargetUCIe Sending ACK BEGIN_RESP back to HostUCIe
6082368 ps (<) : HostUCIe nb_transport_bw received phase=BEGIN_RESP addr=0x34 len=4
6082368 ps (<) : TargetUCIe Started reconstructing payload from flits
6082368 ps (<) : TargetUCIe Reconstructed length now=4
6082368 ps (<) : TargetUCIe Tail flit received. Forwarding reconstructed payload to ConvAccel
6082368 ps (<) : ConvAccel nb_transport_fw received phase=BEGIN_REQ cmd=READ addr=0x34 len=4
6082368 ps (<) : TargetUCIe ConvAccel accepted reconstructed payload
6082368 ps (<) : ConvAccel peq_cb BEGIN_REQ cmd=READ addr=0x34 len=4
6082368 ps (<) : ConvAccel SRAM READ using local offset
6082368 ps (<) : ConvAccel Sending BEGIN_RESP back to TargetUCIe
6082368 ps (<) : TargetUCIe nb_transport_bw received phase=BEGIN_RESP addr=0x34 len=4
6082368 ps (<) : HostUCIe peq_cb: BEGIN_RESP received from downstream target
6082368 ps (<) : HostUCIe Response extension: flit_id=80 ack=1 nak=0
6082368 ps (<) : HostUCIe ACK received: removed flit from retry buffer
6082368 ps (<) : TargetUCIe nb_transport_fw received phase=END_RESP addr=0x34 len=4
6082368 ps (<) : TargetUCIe peq_cb: BEGIN_RESP from ConvAccel, forwarding to HostUCIe
6082368 ps (<) : HostUCIe nb_transport_bw received phase=BEGIN_RESP addr=0x34 len=4
6082368 ps (<) : TargetUCIe peq_cb: END_RESP received from HostUCIe
6082368 ps (<) : HostUCIe peq_cb: BEGIN_RESP received from downstream target
6082368 ps (<) : TargetUCIe nb_transport_fw received phase=END_RESP addr=0x34 len=4
6082368 ps (<) : TargetUCIe peq_cb: END_RESP received from HostUCIe
6082373 ps (<) : HostUCIe peq_cb: BEGIN_REQ from gem5 bridge
6082373 ps (<) : HostUCIe Packing transaction into UCIe flits: cmd=READ addr=0x3c len=4 num_flits=1
6082373 ps (<) : HostUCIe Sending UCIe flit id=82 addr=0x3c size=4 tail=1
6082373 ps (<) : TargetUCIe nb_transport_fw received phase=BEGIN_REQ addr=0x3c len=4
6082373 ps (<) : HostUCIe Flit accepted by downstream target
6082373 ps (<) : HostUCIe Sending END_REQ back to gem5 bridge
6087037 ps (<) : TargetUCIe peq_cb: BEGIN_REQ from HostUCIe
6087037 ps (<) : TargetUCIe Received flit id=81 payload_size=4 tail=1 addr=0x38
6087037 ps (<) : TargetUCIe Sending ACK BEGIN_RESP back to HostUCIe
6087037 ps (<) : HostUCIe nb_transport_bw received phase=BEGIN_RESP addr=0x38 len=4
6087037 ps (<) : TargetUCIe Started reconstructing payload from flits
6087037 ps (<) : TargetUCIe Reconstructed length now=4
6087037 ps (<) : TargetUCIe Tail flit received. Forwarding reconstructed payload to ConvAccel
6087037 ps (<) : ConvAccel nb_transport_fw received phase=BEGIN_REQ cmd=READ addr=0x38 len=4
6087037 ps (<) : TargetUCIe ConvAccel accepted reconstructed payload
6087037 ps (<) : ConvAccel peq_cb BEGIN_REQ cmd=READ addr=0x38 len=4
6087037 ps (<) : ConvAccel SRAM READ using local offset
6087037 ps (<) : ConvAccel Sending BEGIN_RESP back to TargetUCIe
6087037 ps (<) : TargetUCIe nb_transport_bw received phase=BEGIN_RESP addr=0x38 len=4
6087037 ps (<) : HostUCIe peq_cb: BEGIN_RESP received from downstream target
6087037 ps (<) : HostUCIe Response extension: flit_id=81 ack=1 nak=0
6087037 ps (<) : HostUCIe ACK received: removed flit from retry buffer
6087037 ps (<) : TargetUCIe nb_transport_fw received phase=END_RESP addr=0x38 len=4
6087037 ps (<) : TargetUCIe peq_cb: BEGIN_RESP from ConvAccel, forwarding to HostUCIe
6087037 ps (<) : HostUCIe nb_transport_bw received phase=BEGIN_RESP addr=0x38 len=4
6087037 ps (<) : TargetUCIe peq_cb: END_RESP received from HostUCIe
6087037 ps (<) : HostUCIe peq_cb: BEGIN_RESP received from downstream target
6087037 ps (<) : TargetUCIe nb_transport_fw received phase=END_RESP addr=0x38 len=4
6087037 ps (<) : TargetUCIe peq_cb: END_RESP received from HostUCIe
6092373 ps (<) : TargetUCIe peq_cb: BEGIN_REQ from HostUCIe
6092373 ps (<) : TargetUCIe Received flit id=82 payload_size=4 tail=1 addr=0x3c
6092373 ps (<) : TargetUCIe Sending ACK BEGIN_RESP back to HostUCIe
6092373 ps (<) : HostUCIe nb_transport_bw received phase=BEGIN_RESP addr=0x3c len=4
6092373 ps (<) : TargetUCIe Started reconstructing payload from flits
6092373 ps (<) : TargetUCIe Reconstructed length now=4
6092373 ps (<) : TargetUCIe Tail flit received. Forwarding reconstructed payload to ConvAccel
6092373 ps (<) : ConvAccel nb_transport_fw received phase=BEGIN_REQ cmd=READ addr=0x3c len=4
6092373 ps (<) : TargetUCIe ConvAccel accepted reconstructed payload
6092373 ps (<) : ConvAccel peq_cb BEGIN_REQ cmd=READ addr=0x3c len=4
6092373 ps (<) : ConvAccel SRAM READ using local offset
6092373 ps (<) : ConvAccel Sending BEGIN_RESP back to TargetUCIe
6092373 ps (<) : TargetUCIe nb_transport_bw received phase=BEGIN_RESP addr=0x3c len=4
6092373 ps (<) : HostUCIe peq_cb: BEGIN_RESP received from downstream target
6092373 ps (<) : HostUCIe Response extension: flit_id=82 ack=1 nak=0
6092373 ps (<) : HostUCIe ACK received: removed flit from retry buffer
6092373 ps (<) : TargetUCIe nb_transport_fw received phase=END_RESP addr=0x3c len=4
6092373 ps (<) : TargetUCIe peq_cb: BEGIN_RESP from ConvAccel, forwarding to HostUCIe
6092373 ps (<) : HostUCIe nb_transport_bw received phase=BEGIN_RESP addr=0x3c len=4
6092373 ps (<) : TargetUCIe peq_cb: END_RESP received from HostUCIe
6092373 ps (<) : HostUCIe peq_cb: BEGIN_RESP received from downstream target
6092373 ps (<) : TargetUCIe nb_transport_fw received phase=END_RESP addr=0x3c len=4
6092373 ps (<) : TargetUCIe peq_cb: END_RESP received from HostUCIe
7005 ns (=) : HostUCIe nb_transport_fw received phase=BEGIN_REQ addr=0x0 len=4
7007502 ps (<) : HostUCIe peq_cb: BEGIN_REQ from gem5 bridge
7007502 ps (<) : HostUCIe Packing transaction into UCIe flits: cmd=READ addr=0x0 len=4 num_flits=1
7007502 ps (<) : HostUCIe Sending UCIe flit id=83 addr=0x0 size=4 tail=1
7007502 ps (<) : TargetUCIe nb_transport_fw received phase=BEGIN_REQ addr=0x0 len=4
7007502 ps (<) : HostUCIe Flit accepted by downstream target
7007502 ps (<) : HostUCIe Sending END_REQ back to gem5 bridge
7010 ns (=) : HostUCIe nb_transport_fw received phase=BEGIN_REQ addr=0x4 len=4
7012171 ps (<) : HostUCIe peq_cb: BEGIN_REQ from gem5 bridge
7012171 ps (<) : HostUCIe Packing transaction into UCIe flits: cmd=READ addr=0x4 len=4 num_flits=1
7012171 ps (<) : HostUCIe Sending UCIe flit id=84 addr=0x4 size=4 tail=1
7012171 ps (<) : TargetUCIe nb_transport_fw received phase=BEGIN_REQ addr=0x4 len=4
7012171 ps (<) : HostUCIe Flit accepted by downstream target
7012171 ps (<) : HostUCIe Sending END_REQ back to gem5 bridge
7015 ns (=) : HostUCIe nb_transport_fw received phase=BEGIN_REQ addr=0x8 len=4
7017502 ps (<) : TargetUCIe peq_cb: BEGIN_REQ from HostUCIe
7017502 ps (<) : TargetUCIe Received flit id=83 payload_size=4 tail=1 addr=0x0
7017502 ps (<) : TargetUCIe Sending ACK BEGIN_RESP back to HostUCIe
7017502 ps (<) : HostUCIe nb_transport_bw received phase=BEGIN_RESP addr=0x0 len=4
7017502 ps (<) : TargetUCIe Started reconstructing payload from flits
7017502 ps (<) : TargetUCIe Reconstructed length now=4
7017502 ps (<) : TargetUCIe Tail flit received. Forwarding reconstructed payload to ConvAccel
7017502 ps (<) : ConvAccel nb_transport_fw received phase=BEGIN_REQ cmd=READ addr=0x0 len=4
7017502 ps (<) : TargetUCIe ConvAccel accepted reconstructed payload
7017502 ps (<) : ConvAccel peq_cb BEGIN_REQ cmd=READ addr=0x0 len=4
7017502 ps (<) : ConvAccel SRAM READ using local offset
7017502 ps (<) : ConvAccel Sending BEGIN_RESP back to TargetUCIe
7017502 ps (<) : TargetUCIe nb_transport_bw received phase=BEGIN_RESP addr=0x0 len=4
7017502 ps (<) : HostUCIe peq_cb: BEGIN_RESP received from downstream target
7017502 ps (<) : HostUCIe Response extension: flit_id=83 ack=1 nak=0
7017502 ps (<) : HostUCIe ACK received: removed flit from retry buffer
7017502 ps (<) : TargetUCIe nb_transport_fw received phase=END_RESP addr=0x0 len=4
7017502 ps (<) : TargetUCIe peq_cb: BEGIN_RESP from ConvAccel, forwarding to HostUCIe
7017502 ps (<) : HostUCIe nb_transport_bw received phase=BEGIN_RESP addr=0x0 len=4
7017502 ps (<) : TargetUCIe peq_cb: END_RESP received from HostUCIe
7017502 ps (<) : HostUCIe peq_cb: BEGIN_RESP received from downstream target
7017502 ps (<) : TargetUCIe nb_transport_fw received phase=END_RESP addr=0x0 len=4
7017502 ps (<) : TargetUCIe peq_cb: END_RESP received from HostUCIe
7017507 ps (<) : HostUCIe peq_cb: BEGIN_REQ from gem5 bridge
7017507 ps (<) : HostUCIe Packing transaction into UCIe flits: cmd=READ addr=0x8 len=4 num_flits=1
7017507 ps (<) : HostUCIe Sending UCIe flit id=85 addr=0x8 size=4 tail=1
7017507 ps (<) : TargetUCIe nb_transport_fw received phase=BEGIN_REQ addr=0x8 len=4
7017507 ps (<) : HostUCIe Flit accepted by downstream target
7017507 ps (<) : HostUCIe Sending END_REQ back to gem5 bridge
7020 ns (=) : HostUCIe nb_transport_fw received phase=BEGIN_REQ addr=0xc len=4
7022171 ps (<) : TargetUCIe peq_cb: BEGIN_REQ from HostUCIe
7022171 ps (<) : TargetUCIe Received flit id=84 payload_size=4 tail=1 addr=0x4
7022171 ps (<) : TargetUCIe Sending ACK BEGIN_RESP back to HostUCIe
7022171 ps (<) : HostUCIe nb_transport_bw received phase=BEGIN_RESP addr=0x4 len=4
7022171 ps (<) : TargetUCIe Started reconstructing payload from flits
7022171 ps (<) : TargetUCIe Reconstructed length now=4
7022171 ps (<) : TargetUCIe Tail flit received. Forwarding reconstructed payload to ConvAccel
7022171 ps (<) : ConvAccel nb_transport_fw received phase=BEGIN_REQ cmd=READ addr=0x4 len=4
7022171 ps (<) : TargetUCIe ConvAccel accepted reconstructed payload
7022171 ps (<) : ConvAccel peq_cb BEGIN_REQ cmd=READ addr=0x4 len=4
7022171 ps (<) : ConvAccel SRAM READ using local offset
7022171 ps (<) : ConvAccel Sending BEGIN_RESP back to TargetUCIe
7022171 ps (<) : TargetUCIe nb_transport_bw received phase=BEGIN_RESP addr=0x4 len=4
7022171 ps (<) : HostUCIe peq_cb: BEGIN_RESP received from downstream target
7022171 ps (<) : HostUCIe Response extension: flit_id=84 ack=1 nak=0
7022171 ps (<) : HostUCIe ACK received: removed flit from retry buffer
7022171 ps (<) : TargetUCIe nb_transport_fw received phase=END_RESP addr=0x4 len=4
7022171 ps (<) : TargetUCIe peq_cb: BEGIN_RESP from ConvAccel, forwarding to HostUCIe
7022171 ps (<) : HostUCIe nb_transport_bw received phase=BEGIN_RESP addr=0x4 len=4
7022171 ps (<) : TargetUCIe peq_cb: END_RESP received from HostUCIe
7022171 ps (<) : HostUCIe peq_cb: BEGIN_RESP received from downstream target
7022171 ps (<) : TargetUCIe nb_transport_fw received phase=END_RESP addr=0x4 len=4
7022171 ps (<) : TargetUCIe peq_cb: END_RESP received from HostUCIe
7022176 ps (<) : HostUCIe peq_cb: BEGIN_REQ from gem5 bridge
7022176 ps (<) : HostUCIe Packing transaction into UCIe flits: cmd=READ addr=0xc len=4 num_flits=1
7022176 ps (<) : HostUCIe Sending UCIe flit id=86 addr=0xc size=4 tail=1
7022176 ps (<) : TargetUCIe nb_transport_fw received phase=BEGIN_REQ addr=0xc len=4
7022176 ps (<) : HostUCIe Flit accepted by downstream target
7022176 ps (<) : HostUCIe Sending END_REQ back to gem5 bridge
7025 ns (=) : HostUCIe nb_transport_fw received phase=BEGIN_REQ addr=0x10 len=4
7027507 ps (<) : TargetUCIe peq_cb: BEGIN_REQ from HostUCIe
7027507 ps (<) : TargetUCIe Received flit id=85 payload_size=4 tail=1 addr=0x8
7027507 ps (<) : TargetUCIe Sending ACK BEGIN_RESP back to HostUCIe
7027507 ps (<) : HostUCIe nb_transport_bw received phase=BEGIN_RESP addr=0x8 len=4
7027507 ps (<) : TargetUCIe Started reconstructing payload from flits
7027507 ps (<) : TargetUCIe Reconstructed length now=4
7027507 ps (<) : TargetUCIe Tail flit received. Forwarding reconstructed payload to ConvAccel
7027507 ps (<) : ConvAccel nb_transport_fw received phase=BEGIN_REQ cmd=READ addr=0x8 len=4
7027507 ps (<) : TargetUCIe ConvAccel accepted reconstructed payload
7027507 ps (<) : ConvAccel peq_cb BEGIN_REQ cmd=READ addr=0x8 len=4
7027507 ps (<) : ConvAccel SRAM READ using local offset
7027507 ps (<) : ConvAccel Sending BEGIN_RESP back to TargetUCIe
7027507 ps (<) : TargetUCIe nb_transport_bw received phase=BEGIN_RESP addr=0x8 len=4
7027507 ps (<) : HostUCIe peq_cb: BEGIN_RESP received from downstream target
7027507 ps (<) : HostUCIe Response extension: flit_id=85 ack=1 nak=0
7027507 ps (<) : HostUCIe ACK received: removed flit from retry buffer
7027507 ps (<) : TargetUCIe nb_transport_fw received phase=END_RESP addr=0x8 len=4
7027507 ps (<) : TargetUCIe peq_cb: BEGIN_RESP from ConvAccel, forwarding to HostUCIe
7027507 ps (<) : HostUCIe nb_transport_bw received phase=BEGIN_RESP addr=0x8 len=4
7027507 ps (<) : TargetUCIe peq_cb: END_RESP received from HostUCIe
7027507 ps (<) : HostUCIe peq_cb: BEGIN_RESP received from downstream target
7027507 ps (<) : TargetUCIe nb_transport_fw received phase=END_RESP addr=0x8 len=4
7027507 ps (<) : TargetUCIe peq_cb: END_RESP received from HostUCIe
7027512 ps (<) : HostUCIe peq_cb: BEGIN_REQ from gem5 bridge
7027512 ps (<) : HostUCIe Packing transaction into UCIe flits: cmd=READ addr=0x10 len=4 num_flits=1
7027512 ps (<) : HostUCIe Sending UCIe flit id=87 addr=0x10 size=4 tail=1
7027512 ps (<) : TargetUCIe nb_transport_fw received phase=BEGIN_REQ addr=0x10 len=4
7027512 ps (<) : HostUCIe Flit accepted by downstream target
7027512 ps (<) : HostUCIe Sending END_REQ back to gem5 bridge
7030 ns (=) : HostUCIe nb_transport_fw received phase=BEGIN_REQ addr=0x14 len=4
7032176 ps (<) : TargetUCIe peq_cb: BEGIN_REQ from HostUCIe
7032176 ps (<) : TargetUCIe Received flit id=86 payload_size=4 tail=1 addr=0xc
7032176 ps (<) : TargetUCIe Sending ACK BEGIN_RESP back to HostUCIe
7032176 ps (<) : HostUCIe nb_transport_bw received phase=BEGIN_RESP addr=0xc len=4
7032176 ps (<) : TargetUCIe Started reconstructing payload from flits
7032176 ps (<) : TargetUCIe Reconstructed length now=4
7032176 ps (<) : TargetUCIe Tail flit received. Forwarding reconstructed payload to ConvAccel
7032176 ps (<) : ConvAccel nb_transport_fw received phase=BEGIN_REQ cmd=READ addr=0xc len=4
7032176 ps (<) : TargetUCIe ConvAccel accepted reconstructed payload
7032176 ps (<) : ConvAccel peq_cb BEGIN_REQ cmd=READ addr=0xc len=4
7032176 ps (<) : ConvAccel SRAM READ using local offset
7032176 ps (<) : ConvAccel Sending BEGIN_RESP back to TargetUCIe
7032176 ps (<) : TargetUCIe nb_transport_bw received phase=BEGIN_RESP addr=0xc len=4
7032176 ps (<) : HostUCIe peq_cb: BEGIN_RESP received from downstream target
7032176 ps (<) : HostUCIe Response extension: flit_id=86 ack=1 nak=0
7032176 ps (<) : HostUCIe ACK received: removed flit from retry buffer
7032176 ps (<) : TargetUCIe nb_transport_fw received phase=END_RESP addr=0xc len=4
7032176 ps (<) : TargetUCIe peq_cb: BEGIN_RESP from ConvAccel, forwarding to HostUCIe
7032176 ps (<) : HostUCIe nb_transport_bw received phase=BEGIN_RESP addr=0xc len=4
7032176 ps (<) : TargetUCIe peq_cb: END_RESP received from HostUCIe
7032176 ps (<) : HostUCIe peq_cb: BEGIN_RESP received from downstream target
7032176 ps (<) : TargetUCIe nb_transport_fw received phase=END_RESP addr=0xc len=4
7032176 ps (<) : TargetUCIe peq_cb: END_RESP received from HostUCIe
7032181 ps (<) : HostUCIe peq_cb: BEGIN_REQ from gem5 bridge
7032181 ps (<) : HostUCIe Packing transaction into UCIe flits: cmd=READ addr=0x14 len=4 num_flits=1
7032181 ps (<) : HostUCIe Sending UCIe flit id=88 addr=0x14 size=4 tail=1
7032181 ps (<) : TargetUCIe nb_transport_fw received phase=BEGIN_REQ addr=0x14 len=4
7032181 ps (<) : HostUCIe Flit accepted by downstream target
7032181 ps (<) : HostUCIe Sending END_REQ back to gem5 bridge
7035 ns (=) : HostUCIe nb_transport_fw received phase=BEGIN_REQ addr=0x18 len=4
7037512 ps (<) : TargetUCIe peq_cb: BEGIN_REQ from HostUCIe
7037512 ps (<) : TargetUCIe Received flit id=87 payload_size=4 tail=1 addr=0x10
7037512 ps (<) : TargetUCIe Sending ACK BEGIN_RESP back to HostUCIe
7037512 ps (<) : HostUCIe nb_transport_bw received phase=BEGIN_RESP addr=0x10 len=4
7037512 ps (<) : TargetUCIe Started reconstructing payload from flits
7037512 ps (<) : TargetUCIe Reconstructed length now=4
7037512 ps (<) : TargetUCIe Tail flit received. Forwarding reconstructed payload to ConvAccel
7037512 ps (<) : ConvAccel nb_transport_fw received phase=BEGIN_REQ cmd=READ addr=0x10 len=4
7037512 ps (<) : TargetUCIe ConvAccel accepted reconstructed payload
7037512 ps (<) : ConvAccel peq_cb BEGIN_REQ cmd=READ addr=0x10 len=4
7037512 ps (<) : ConvAccel SRAM READ using local offset
7037512 ps (<) : ConvAccel Sending BEGIN_RESP back to TargetUCIe
7037512 ps (<) : TargetUCIe nb_transport_bw received phase=BEGIN_RESP addr=0x10 len=4
7037512 ps (<) : HostUCIe peq_cb: BEGIN_RESP received from downstream target
7037512 ps (<) : HostUCIe Response extension: flit_id=87 ack=1 nak=0
7037512 ps (<) : HostUCIe ACK received: removed flit from retry buffer
7037512 ps (<) : TargetUCIe nb_transport_fw received phase=END_RESP addr=0x10 len=4
7037512 ps (<) : TargetUCIe peq_cb: BEGIN_RESP from ConvAccel, forwarding to HostUCIe
7037512 ps (<) : HostUCIe nb_transport_bw received phase=BEGIN_RESP addr=0x10 len=4
7037512 ps (<) : TargetUCIe peq_cb: END_RESP received from HostUCIe
7037512 ps (<) : HostUCIe peq_cb: BEGIN_RESP received from downstream target
7037512 ps (<) : TargetUCIe nb_transport_fw received phase=END_RESP addr=0x10 len=4
7037512 ps (<) : TargetUCIe peq_cb: END_RESP received from HostUCIe
7037517 ps (<) : HostUCIe peq_cb: BEGIN_REQ from gem5 bridge
7037517 ps (<) : HostUCIe Packing transaction into UCIe flits: cmd=READ addr=0x18 len=4 num_flits=1
7037517 ps (<) : HostUCIe Sending UCIe flit id=89 addr=0x18 size=4 tail=1
7037517 ps (<) : TargetUCIe nb_transport_fw received phase=BEGIN_REQ addr=0x18 len=4
7037517 ps (<) : HostUCIe Flit accepted by downstream target
7037517 ps (<) : HostUCIe Sending END_REQ back to gem5 bridge
7040 ns (=) : HostUCIe nb_transport_fw received phase=BEGIN_REQ addr=0x1c len=4
7042181 ps (<) : TargetUCIe peq_cb: BEGIN_REQ from HostUCIe
7042181 ps (<) : TargetUCIe Received flit id=88 payload_size=4 tail=1 addr=0x14
7042181 ps (<) : TargetUCIe Sending ACK BEGIN_RESP back to HostUCIe
7042181 ps (<) : HostUCIe nb_transport_bw received phase=BEGIN_RESP addr=0x14 len=4
7042181 ps (<) : TargetUCIe Started reconstructing payload from flits
7042181 ps (<) : TargetUCIe Reconstructed length now=4
7042181 ps (<) : TargetUCIe Tail flit received. Forwarding reconstructed payload to ConvAccel
7042181 ps (<) : ConvAccel nb_transport_fw received phase=BEGIN_REQ cmd=READ addr=0x14 len=4
7042181 ps (<) : TargetUCIe ConvAccel accepted reconstructed payload
7042181 ps (<) : ConvAccel peq_cb BEGIN_REQ cmd=READ addr=0x14 len=4
7042181 ps (<) : ConvAccel SRAM READ using local offset
7042181 ps (<) : ConvAccel Sending BEGIN_RESP back to TargetUCIe
7042181 ps (<) : TargetUCIe nb_transport_bw received phase=BEGIN_RESP addr=0x14 len=4
7042181 ps (<) : HostUCIe peq_cb: BEGIN_RESP received from downstream target
7042181 ps (<) : HostUCIe Response extension: flit_id=88 ack=1 nak=0
7042181 ps (<) : HostUCIe ACK received: removed flit from retry buffer
7042181 ps (<) : TargetUCIe nb_transport_fw received phase=END_RESP addr=0x14 len=4
7042181 ps (<) : TargetUCIe peq_cb: BEGIN_RESP from ConvAccel, forwarding to HostUCIe
7042181 ps (<) : HostUCIe nb_transport_bw received phase=BEGIN_RESP addr=0x14 len=4
7042181 ps (<) : TargetUCIe peq_cb: END_RESP received from HostUCIe
7042181 ps (<) : HostUCIe peq_cb: BEGIN_RESP received from downstream target
7042181 ps (<) : TargetUCIe nb_transport_fw received phase=END_RESP addr=0x14 len=4
7042181 ps (<) : TargetUCIe peq_cb: END_RESP received from HostUCIe
7042186 ps (<) : HostUCIe peq_cb: BEGIN_REQ from gem5 bridge
7042186 ps (<) : HostUCIe Packing transaction into UCIe flits: cmd=READ addr=0x1c len=4 num_flits=1
7042186 ps (<) : HostUCIe Sending UCIe flit id=90 addr=0x1c size=4 tail=1
7042186 ps (<) : TargetUCIe nb_transport_fw received phase=BEGIN_REQ addr=0x1c len=4
7042186 ps (<) : HostUCIe Flit accepted by downstream target
7042186 ps (<) : HostUCIe Sending END_REQ back to gem5 bridge
7045 ns (=) : HostUCIe nb_transport_fw received phase=BEGIN_REQ addr=0x20 len=4
7047517 ps (<) : TargetUCIe peq_cb: BEGIN_REQ from HostUCIe
7047517 ps (<) : TargetUCIe Received flit id=89 payload_size=4 tail=1 addr=0x18
7047517 ps (<) : TargetUCIe Sending ACK BEGIN_RESP back to HostUCIe
7047517 ps (<) : HostUCIe nb_transport_bw received phase=BEGIN_RESP addr=0x18 len=4
7047517 ps (<) : TargetUCIe Started reconstructing payload from flits
7047517 ps (<) : TargetUCIe Reconstructed length now=4
7047517 ps (<) : TargetUCIe Tail flit received. Forwarding reconstructed payload to ConvAccel
7047517 ps (<) : ConvAccel nb_transport_fw received phase=BEGIN_REQ cmd=READ addr=0x18 len=4
7047517 ps (<) : TargetUCIe ConvAccel accepted reconstructed payload
7047517 ps (<) : ConvAccel peq_cb BEGIN_REQ cmd=READ addr=0x18 len=4
7047517 ps (<) : ConvAccel SRAM READ using local offset
7047517 ps (<) : ConvAccel Sending BEGIN_RESP back to TargetUCIe
7047517 ps (<) : TargetUCIe nb_transport_bw received phase=BEGIN_RESP addr=0x18 len=4
7047517 ps (<) : HostUCIe peq_cb: BEGIN_RESP received from downstream target
7047517 ps (<) : HostUCIe Response extension: flit_id=89 ack=1 nak=0
7047517 ps (<) : HostUCIe ACK received: removed flit from retry buffer
7047517 ps (<) : TargetUCIe nb_transport_fw received phase=END_RESP addr=0x18 len=4
7047517 ps (<) : TargetUCIe peq_cb: BEGIN_RESP from ConvAccel, forwarding to HostUCIe
7047517 ps (<) : HostUCIe nb_transport_bw received phase=BEGIN_RESP addr=0x18 len=4
7047517 ps (<) : TargetUCIe peq_cb: END_RESP received from HostUCIe
7047517 ps (<) : HostUCIe peq_cb: BEGIN_RESP received from downstream target
7047517 ps (<) : TargetUCIe nb_transport_fw received phase=END_RESP addr=0x18 len=4
7047517 ps (<) : TargetUCIe peq_cb: END_RESP received from HostUCIe
7047522 ps (<) : HostUCIe peq_cb: BEGIN_REQ from gem5 bridge
7047522 ps (<) : HostUCIe Packing transaction into UCIe flits: cmd=READ addr=0x20 len=4 num_flits=1
7047522 ps (<) : HostUCIe Sending UCIe flit id=91 addr=0x20 size=4 tail=1
7047522 ps (<) : TargetUCIe nb_transport_fw received phase=BEGIN_REQ addr=0x20 len=4
7047522 ps (<) : HostUCIe Flit accepted by downstream target
7047522 ps (<) : HostUCIe Sending END_REQ back to gem5 bridge
7050 ns (=) : HostUCIe nb_transport_fw received phase=BEGIN_REQ addr=0x24 len=4
7052186 ps (<) : TargetUCIe peq_cb: BEGIN_REQ from HostUCIe
7052186 ps (<) : TargetUCIe Received flit id=90 payload_size=4 tail=1 addr=0x1c
7052186 ps (<) : TargetUCIe Sending ACK BEGIN_RESP back to HostUCIe
7052186 ps (<) : HostUCIe nb_transport_bw received phase=BEGIN_RESP addr=0x1c len=4
7052186 ps (<) : TargetUCIe Started reconstructing payload from flits
7052186 ps (<) : TargetUCIe Reconstructed length now=4
7052186 ps (<) : TargetUCIe Tail flit received. Forwarding reconstructed payload to ConvAccel
7052186 ps (<) : ConvAccel nb_transport_fw received phase=BEGIN_REQ cmd=READ addr=0x1c len=4
7052186 ps (<) : TargetUCIe ConvAccel accepted reconstructed payload
7052186 ps (<) : ConvAccel peq_cb BEGIN_REQ cmd=READ addr=0x1c len=4
7052186 ps (<) : ConvAccel SRAM READ using local offset
7052186 ps (<) : ConvAccel Sending BEGIN_RESP back to TargetUCIe
7052186 ps (<) : TargetUCIe nb_transport_bw received phase=BEGIN_RESP addr=0x1c len=4
7052186 ps (<) : HostUCIe peq_cb: BEGIN_RESP received from downstream target
7052186 ps (<) : HostUCIe Response extension: flit_id=90 ack=1 nak=0
7052186 ps (<) : HostUCIe ACK received: removed flit from retry buffer
7052186 ps (<) : TargetUCIe nb_transport_fw received phase=END_RESP addr=0x1c len=4
7052186 ps (<) : TargetUCIe peq_cb: BEGIN_RESP from ConvAccel, forwarding to HostUCIe
7052186 ps (<) : HostUCIe nb_transport_bw received phase=BEGIN_RESP addr=0x1c len=4
7052186 ps (<) : TargetUCIe peq_cb: END_RESP received from HostUCIe
7052186 ps (<) : HostUCIe peq_cb: BEGIN_RESP received from downstream target
7052186 ps (<) : TargetUCIe nb_transport_fw received phase=END_RESP addr=0x1c len=4
7052186 ps (<) : TargetUCIe peq_cb: END_RESP received from HostUCIe
7052191 ps (<) : HostUCIe peq_cb: BEGIN_REQ from gem5 bridge
7052191 ps (<) : HostUCIe Packing transaction into UCIe flits: cmd=READ addr=0x24 len=4 num_flits=1
7052191 ps (<) : HostUCIe Sending UCIe flit id=92 addr=0x24 size=4 tail=1
7052191 ps (<) : TargetUCIe nb_transport_fw received phase=BEGIN_REQ addr=0x24 len=4
7052191 ps (<) : HostUCIe Flit accepted by downstream target
7052191 ps (<) : HostUCIe Sending END_REQ back to gem5 bridge
7055 ns (=) : HostUCIe nb_transport_fw received phase=BEGIN_REQ addr=0x28 len=4
7057522 ps (<) : TargetUCIe peq_cb: BEGIN_REQ from HostUCIe
7057522 ps (<) : TargetUCIe Received flit id=91 payload_size=4 tail=1 addr=0x20
7057522 ps (<) : TargetUCIe Sending ACK BEGIN_RESP back to HostUCIe
7057522 ps (<) : HostUCIe nb_transport_bw received phase=BEGIN_RESP addr=0x20 len=4
7057522 ps (<) : TargetUCIe Started reconstructing payload from flits
7057522 ps (<) : TargetUCIe Reconstructed length now=4
7057522 ps (<) : TargetUCIe Tail flit received. Forwarding reconstructed payload to ConvAccel
7057522 ps (<) : ConvAccel nb_transport_fw received phase=BEGIN_REQ cmd=READ addr=0x20 len=4
7057522 ps (<) : TargetUCIe ConvAccel accepted reconstructed payload
7057522 ps (<) : ConvAccel peq_cb BEGIN_REQ cmd=READ addr=0x20 len=4
7057522 ps (<) : ConvAccel SRAM READ using local offset
7057522 ps (<) : ConvAccel Sending BEGIN_RESP back to TargetUCIe
7057522 ps (<) : TargetUCIe nb_transport_bw received phase=BEGIN_RESP addr=0x20 len=4
7057522 ps (<) : HostUCIe peq_cb: BEGIN_RESP received from downstream target
7057522 ps (<) : HostUCIe Response extension: flit_id=91 ack=1 nak=0
7057522 ps (<) : HostUCIe ACK received: removed flit from retry buffer
7057522 ps (<) : TargetUCIe nb_transport_fw received phase=END_RESP addr=0x20 len=4
7057522 ps (<) : TargetUCIe peq_cb: BEGIN_RESP from ConvAccel, forwarding to HostUCIe
7057522 ps (<) : HostUCIe nb_transport_bw received phase=BEGIN_RESP addr=0x20 len=4
7057522 ps (<) : TargetUCIe peq_cb: END_RESP received from HostUCIe
7057522 ps (<) : HostUCIe peq_cb: BEGIN_RESP received from downstream target
7057522 ps (<) : TargetUCIe nb_transport_fw received phase=END_RESP addr=0x20 len=4
7057522 ps (<) : TargetUCIe peq_cb: END_RESP received from HostUCIe
7057527 ps (<) : HostUCIe peq_cb: BEGIN_REQ from gem5 bridge
7057527 ps (<) : HostUCIe Packing transaction into UCIe flits: cmd=READ addr=0x28 len=4 num_flits=1
7057527 ps (<) : HostUCIe Sending UCIe flit id=93 addr=0x28 size=4 tail=1
7057527 ps (<) : TargetUCIe nb_transport_fw received phase=BEGIN_REQ addr=0x28 len=4
7057527 ps (<) : HostUCIe Flit accepted by downstream target
7057527 ps (<) : HostUCIe Sending END_REQ back to gem5 bridge
7060 ns (=) : HostUCIe nb_transport_fw received phase=BEGIN_REQ addr=0x2c len=4
7062191 ps (<) : TargetUCIe peq_cb: BEGIN_REQ from HostUCIe
7062191 ps (<) : TargetUCIe Received flit id=92 payload_size=4 tail=1 addr=0x24
7062191 ps (<) : TargetUCIe Sending ACK BEGIN_RESP back to HostUCIe
7062191 ps (<) : HostUCIe nb_transport_bw received phase=BEGIN_RESP addr=0x24 len=4
7062191 ps (<) : TargetUCIe Started reconstructing payload from flits
7062191 ps (<) : TargetUCIe Reconstructed length now=4
7062191 ps (<) : TargetUCIe Tail flit received. Forwarding reconstructed payload to ConvAccel
7062191 ps (<) : ConvAccel nb_transport_fw received phase=BEGIN_REQ cmd=READ addr=0x24 len=4
7062191 ps (<) : TargetUCIe ConvAccel accepted reconstructed payload
7062191 ps (<) : ConvAccel peq_cb BEGIN_REQ cmd=READ addr=0x24 len=4
7062191 ps (<) : ConvAccel SRAM READ using local offset
7062191 ps (<) : ConvAccel Sending BEGIN_RESP back to TargetUCIe
7062191 ps (<) : TargetUCIe nb_transport_bw received phase=BEGIN_RESP addr=0x24 len=4
7062191 ps (<) : HostUCIe peq_cb: BEGIN_RESP received from downstream target
7062191 ps (<) : HostUCIe Response extension: flit_id=92 ack=1 nak=0
7062191 ps (<) : HostUCIe ACK received: removed flit from retry buffer
7062191 ps (<) : TargetUCIe nb_transport_fw received phase=END_RESP addr=0x24 len=4
7062191 ps (<) : TargetUCIe peq_cb: BEGIN_RESP from ConvAccel, forwarding to HostUCIe
7062191 ps (<) : HostUCIe nb_transport_bw received phase=BEGIN_RESP addr=0x24 len=4
7062191 ps (<) : TargetUCIe peq_cb: END_RESP received from HostUCIe
7062191 ps (<) : HostUCIe peq_cb: BEGIN_RESP received from downstream target
7062191 ps (<) : TargetUCIe nb_transport_fw received phase=END_RESP addr=0x24 len=4
7062191 ps (<) : TargetUCIe peq_cb: END_RESP received from HostUCIe
7062196 ps (<) : HostUCIe peq_cb: BEGIN_REQ from gem5 bridge
7062196 ps (<) : HostUCIe Packing transaction into UCIe flits: cmd=READ addr=0x2c len=4 num_flits=1
7062196 ps (<) : HostUCIe Sending UCIe flit id=94 addr=0x2c size=4 tail=1
7062196 ps (<) : TargetUCIe nb_transport_fw received phase=BEGIN_REQ addr=0x2c len=4
7062196 ps (<) : HostUCIe Flit accepted by downstream target
7062196 ps (<) : HostUCIe Sending END_REQ back to gem5 bridge
7065 ns (=) : HostUCIe nb_transport_fw received phase=BEGIN_REQ addr=0x30 len=4
7067527 ps (<) : TargetUCIe peq_cb: BEGIN_REQ from HostUCIe
7067527 ps (<) : TargetUCIe Received flit id=93 payload_size=4 tail=1 addr=0x28
7067527 ps (<) : TargetUCIe Sending ACK BEGIN_RESP back to HostUCIe
7067527 ps (<) : HostUCIe nb_transport_bw received phase=BEGIN_RESP addr=0x28 len=4
7067527 ps (<) : TargetUCIe Started reconstructing payload from flits
7067527 ps (<) : TargetUCIe Reconstructed length now=4
7067527 ps (<) : TargetUCIe Tail flit received. Forwarding reconstructed payload to ConvAccel
7067527 ps (<) : ConvAccel nb_transport_fw received phase=BEGIN_REQ cmd=READ addr=0x28 len=4
7067527 ps (<) : TargetUCIe ConvAccel accepted reconstructed payload
7067527 ps (<) : ConvAccel peq_cb BEGIN_REQ cmd=READ addr=0x28 len=4
7067527 ps (<) : ConvAccel SRAM READ using local offset
7067527 ps (<) : ConvAccel Sending BEGIN_RESP back to TargetUCIe
7067527 ps (<) : TargetUCIe nb_transport_bw received phase=BEGIN_RESP addr=0x28 len=4
7067527 ps (<) : HostUCIe peq_cb: BEGIN_RESP received from downstream target
7067527 ps (<) : HostUCIe Response extension: flit_id=93 ack=1 nak=0
7067527 ps (<) : HostUCIe ACK received: removed flit from retry buffer
7067527 ps (<) : TargetUCIe nb_transport_fw received phase=END_RESP addr=0x28 len=4
7067527 ps (<) : TargetUCIe peq_cb: BEGIN_RESP from ConvAccel, forwarding to HostUCIe
7067527 ps (<) : HostUCIe nb_transport_bw received phase=BEGIN_RESP addr=0x28 len=4
7067527 ps (<) : TargetUCIe peq_cb: END_RESP received from HostUCIe
7067527 ps (<) : HostUCIe peq_cb: BEGIN_RESP received from downstream target
7067527 ps (<) : TargetUCIe nb_transport_fw received phase=END_RESP addr=0x28 len=4
7067527 ps (<) : TargetUCIe peq_cb: END_RESP received from HostUCIe
7067532 ps (<) : HostUCIe peq_cb: BEGIN_REQ from gem5 bridge
7067532 ps (<) : HostUCIe Packing transaction into UCIe flits: cmd=READ addr=0x30 len=4 num_flits=1
7067532 ps (<) : HostUCIe Sending UCIe flit id=95 addr=0x30 size=4 tail=1
7067532 ps (<) : TargetUCIe nb_transport_fw received phase=BEGIN_REQ addr=0x30 len=4
7067532 ps (<) : HostUCIe Flit accepted by downstream target
7067532 ps (<) : HostUCIe Sending END_REQ back to gem5 bridge
7070 ns (=) : HostUCIe nb_transport_fw received phase=BEGIN_REQ addr=0x34 len=4
7072196 ps (<) : TargetUCIe peq_cb: BEGIN_REQ from HostUCIe
7072196 ps (<) : TargetUCIe Received flit id=94 payload_size=4 tail=1 addr=0x2c
7072196 ps (<) : TargetUCIe Sending ACK BEGIN_RESP back to HostUCIe
7072196 ps (<) : HostUCIe nb_transport_bw received phase=BEGIN_RESP addr=0x2c len=4
7072196 ps (<) : TargetUCIe Started reconstructing payload from flits
7072196 ps (<) : TargetUCIe Reconstructed length now=4
7072196 ps (<) : TargetUCIe Tail flit received. Forwarding reconstructed payload to ConvAccel
7072196 ps (<) : ConvAccel nb_transport_fw received phase=BEGIN_REQ cmd=READ addr=0x2c len=4
7072196 ps (<) : TargetUCIe ConvAccel accepted reconstructed payload
7072196 ps (<) : ConvAccel peq_cb BEGIN_REQ cmd=READ addr=0x2c len=4
7072196 ps (<) : ConvAccel SRAM READ using local offset
7072196 ps (<) : ConvAccel Sending BEGIN_RESP back to TargetUCIe
7072196 ps (<) : TargetUCIe nb_transport_bw received phase=BEGIN_RESP addr=0x2c len=4
7072196 ps (<) : HostUCIe peq_cb: BEGIN_RESP received from downstream target
7072196 ps (<) : HostUCIe Response extension: flit_id=94 ack=1 nak=0
7072196 ps (<) : HostUCIe ACK received: removed flit from retry buffer
7072196 ps (<) : TargetUCIe nb_transport_fw received phase=END_RESP addr=0x2c len=4
7072196 ps (<) : TargetUCIe peq_cb: BEGIN_RESP from ConvAccel, forwarding to HostUCIe
7072196 ps (<) : HostUCIe nb_transport_bw received phase=BEGIN_RESP addr=0x2c len=4
7072196 ps (<) : TargetUCIe peq_cb: END_RESP received from HostUCIe
7072196 ps (<) : HostUCIe peq_cb: BEGIN_RESP received from downstream target
7072196 ps (<) : TargetUCIe nb_transport_fw received phase=END_RESP addr=0x2c len=4
7072196 ps (<) : TargetUCIe peq_cb: END_RESP received from HostUCIe
7072201 ps (<) : HostUCIe peq_cb: BEGIN_REQ from gem5 bridge
7072201 ps (<) : HostUCIe Packing transaction into UCIe flits: cmd=READ addr=0x34 len=4 num_flits=1
7072201 ps (<) : HostUCIe Sending UCIe flit id=96 addr=0x34 size=4 tail=1
7072201 ps (<) : TargetUCIe nb_transport_fw received phase=BEGIN_REQ addr=0x34 len=4
7072201 ps (<) : HostUCIe Flit accepted by downstream target
7072201 ps (<) : HostUCIe Sending END_REQ back to gem5 bridge
7075 ns (=) : HostUCIe nb_transport_fw received phase=BEGIN_REQ addr=0x38 len=4
7077532 ps (<) : TargetUCIe peq_cb: BEGIN_REQ from HostUCIe
7077532 ps (<) : TargetUCIe Received flit id=95 payload_size=4 tail=1 addr=0x30
7077532 ps (<) : TargetUCIe Sending ACK BEGIN_RESP back to HostUCIe
7077532 ps (<) : HostUCIe nb_transport_bw received phase=BEGIN_RESP addr=0x30 len=4
7077532 ps (<) : TargetUCIe Started reconstructing payload from flits
7077532 ps (<) : TargetUCIe Reconstructed length now=4
7077532 ps (<) : TargetUCIe Tail flit received. Forwarding reconstructed payload to ConvAccel
7077532 ps (<) : ConvAccel nb_transport_fw received phase=BEGIN_REQ cmd=READ addr=0x30 len=4
7077532 ps (<) : TargetUCIe ConvAccel accepted reconstructed payload
7077532 ps (<) : ConvAccel peq_cb BEGIN_REQ cmd=READ addr=0x30 len=4
7077532 ps (<) : ConvAccel SRAM READ using local offset
7077532 ps (<) : ConvAccel Sending BEGIN_RESP back to TargetUCIe
7077532 ps (<) : TargetUCIe nb_transport_bw received phase=BEGIN_RESP addr=0x30 len=4
7077532 ps (<) : HostUCIe peq_cb: BEGIN_RESP received from downstream target
7077532 ps (<) : HostUCIe Response extension: flit_id=95 ack=1 nak=0
7077532 ps (<) : HostUCIe ACK received: removed flit from retry buffer
7077532 ps (<) : TargetUCIe nb_transport_fw received phase=END_RESP addr=0x30 len=4
7077532 ps (<) : TargetUCIe peq_cb: BEGIN_RESP from ConvAccel, forwarding to HostUCIe
7077532 ps (<) : HostUCIe nb_transport_bw received phase=BEGIN_RESP addr=0x30 len=4
7077532 ps (<) : TargetUCIe peq_cb: END_RESP received from HostUCIe
7077532 ps (<) : HostUCIe peq_cb: BEGIN_RESP received from downstream target
7077532 ps (<) : TargetUCIe nb_transport_fw received phase=END_RESP addr=0x30 len=4
7077532 ps (<) : TargetUCIe peq_cb: END_RESP received from HostUCIe
7077537 ps (<) : HostUCIe peq_cb: BEGIN_REQ from gem5 bridge
7077537 ps (<) : HostUCIe Packing transaction into UCIe flits: cmd=READ addr=0x38 len=4 num_flits=1
7077537 ps (<) : HostUCIe Sending UCIe flit id=97 addr=0x38 size=4 tail=1
7077537 ps (<) : TargetUCIe nb_transport_fw received phase=BEGIN_REQ addr=0x38 len=4
7077537 ps (<) : HostUCIe Flit accepted by downstream target
7077537 ps (<) : HostUCIe Sending END_REQ back to gem5 bridge
7080 ns (=) : HostUCIe nb_transport_fw received phase=BEGIN_REQ addr=0x3c len=4
7082201 ps (<) : TargetUCIe peq_cb: BEGIN_REQ from HostUCIe
7082201 ps (<) : TargetUCIe Received flit id=96 payload_size=4 tail=1 addr=0x34
7082201 ps (<) : TargetUCIe Sending ACK BEGIN_RESP back to HostUCIe
7082201 ps (<) : HostUCIe nb_transport_bw received phase=BEGIN_RESP addr=0x34 len=4
7082201 ps (<) : TargetUCIe Started reconstructing payload from flits
7082201 ps (<) : TargetUCIe Reconstructed length now=4
7082201 ps (<) : TargetUCIe Tail flit received. Forwarding reconstructed payload to ConvAccel
7082201 ps (<) : ConvAccel nb_transport_fw received phase=BEGIN_REQ cmd=READ addr=0x34 len=4
7082201 ps (<) : TargetUCIe ConvAccel accepted reconstructed payload
7082201 ps (<) : ConvAccel peq_cb BEGIN_REQ cmd=READ addr=0x34 len=4
7082201 ps (<) : ConvAccel SRAM READ using local offset
7082201 ps (<) : ConvAccel Sending BEGIN_RESP back to TargetUCIe
7082201 ps (<) : TargetUCIe nb_transport_bw received phase=BEGIN_RESP addr=0x34 len=4
7082201 ps (<) : HostUCIe peq_cb: BEGIN_RESP received from downstream target
7082201 ps (<) : HostUCIe Response extension: flit_id=96 ack=1 nak=0
7082201 ps (<) : HostUCIe ACK received: removed flit from retry buffer
7082201 ps (<) : TargetUCIe nb_transport_fw received phase=END_RESP addr=0x34 len=4
7082201 ps (<) : TargetUCIe peq_cb: BEGIN_RESP from ConvAccel, forwarding to HostUCIe
7082201 ps (<) : HostUCIe nb_transport_bw received phase=BEGIN_RESP addr=0x34 len=4
7082201 ps (<) : TargetUCIe peq_cb: END_RESP received from HostUCIe
7082201 ps (<) : HostUCIe peq_cb: BEGIN_RESP received from downstream target
7082201 ps (<) : TargetUCIe nb_transport_fw received phase=END_RESP addr=0x34 len=4
7082201 ps (<) : TargetUCIe peq_cb: END_RESP received from HostUCIe
7082206 ps (<) : HostUCIe peq_cb: BEGIN_REQ from gem5 bridge
7082206 ps (<) : HostUCIe Packing transaction into UCIe flits: cmd=READ addr=0x3c len=4 num_flits=1
7082206 ps (<) : HostUCIe Sending UCIe flit id=98 addr=0x3c size=4 tail=1
7082206 ps (<) : TargetUCIe nb_transport_fw received phase=BEGIN_REQ addr=0x3c len=4
7082206 ps (<) : HostUCIe Flit accepted by downstream target
7082206 ps (<) : HostUCIe Sending END_REQ back to gem5 bridge
7087537 ps (<) : TargetUCIe peq_cb: BEGIN_REQ from HostUCIe
7087537 ps (<) : TargetUCIe Received flit id=97 payload_size=4 tail=1 addr=0x38
7087537 ps (<) : TargetUCIe Sending ACK BEGIN_RESP back to HostUCIe
7087537 ps (<) : HostUCIe nb_transport_bw received phase=BEGIN_RESP addr=0x38 len=4
7087537 ps (<) : TargetUCIe Started reconstructing payload from flits
7087537 ps (<) : TargetUCIe Reconstructed length now=4
7087537 ps (<) : TargetUCIe Tail flit received. Forwarding reconstructed payload to ConvAccel
7087537 ps (<) : ConvAccel nb_transport_fw received phase=BEGIN_REQ cmd=READ addr=0x38 len=4
7087537 ps (<) : TargetUCIe ConvAccel accepted reconstructed payload
7087537 ps (<) : ConvAccel peq_cb BEGIN_REQ cmd=READ addr=0x38 len=4
7087537 ps (<) : ConvAccel SRAM READ using local offset
7087537 ps (<) : ConvAccel Sending BEGIN_RESP back to TargetUCIe
7087537 ps (<) : TargetUCIe nb_transport_bw received phase=BEGIN_RESP addr=0x38 len=4
7087537 ps (<) : HostUCIe peq_cb: BEGIN_RESP received from downstream target
7087537 ps (<) : HostUCIe Response extension: flit_id=97 ack=1 nak=0
7087537 ps (<) : HostUCIe ACK received: removed flit from retry buffer
7087537 ps (<) : TargetUCIe nb_transport_fw received phase=END_RESP addr=0x38 len=4
7087537 ps (<) : TargetUCIe peq_cb: BEGIN_RESP from ConvAccel, forwarding to HostUCIe
7087537 ps (<) : HostUCIe nb_transport_bw received phase=BEGIN_RESP addr=0x38 len=4
7087537 ps (<) : TargetUCIe peq_cb: END_RESP received from HostUCIe
7087537 ps (<) : HostUCIe peq_cb: BEGIN_RESP received from downstream target
7087537 ps (<) : TargetUCIe nb_transport_fw received phase=END_RESP addr=0x38 len=4
7087537 ps (<) : TargetUCIe peq_cb: END_RESP received from HostUCIe
7092206 ps (<) : TargetUCIe peq_cb: BEGIN_REQ from HostUCIe
7092206 ps (<) : TargetUCIe Received flit id=98 payload_size=4 tail=1 addr=0x3c
7092206 ps (<) : TargetUCIe Sending ACK BEGIN_RESP back to HostUCIe
7092206 ps (<) : HostUCIe nb_transport_bw received phase=BEGIN_RESP addr=0x3c len=4
7092206 ps (<) : TargetUCIe Started reconstructing payload from flits
7092206 ps (<) : TargetUCIe Reconstructed length now=4
7092206 ps (<) : TargetUCIe Tail flit received. Forwarding reconstructed payload to ConvAccel
7092206 ps (<) : ConvAccel nb_transport_fw received phase=BEGIN_REQ cmd=READ addr=0x3c len=4
7092206 ps (<) : TargetUCIe ConvAccel accepted reconstructed payload
7092206 ps (<) : ConvAccel peq_cb BEGIN_REQ cmd=READ addr=0x3c len=4
7092206 ps (<) : ConvAccel SRAM READ using local offset
7092206 ps (<) : ConvAccel Sending BEGIN_RESP back to TargetUCIe
7092206 ps (<) : TargetUCIe nb_transport_bw received phase=BEGIN_RESP addr=0x3c len=4
7092206 ps (<) : HostUCIe peq_cb: BEGIN_RESP received from downstream target
7092206 ps (<) : HostUCIe Response extension: flit_id=98 ack=1 nak=0
7092206 ps (<) : HostUCIe ACK received: removed flit from retry buffer
7092206 ps (<) : TargetUCIe nb_transport_fw received phase=END_RESP addr=0x3c len=4
7092206 ps (<) : TargetUCIe peq_cb: BEGIN_RESP from ConvAccel, forwarding to HostUCIe
7092206 ps (<) : HostUCIe nb_transport_bw received phase=BEGIN_RESP addr=0x3c len=4
7092206 ps (<) : TargetUCIe peq_cb: END_RESP received from HostUCIe
7092206 ps (<) : HostUCIe peq_cb: BEGIN_RESP received from downstream target
7092206 ps (<) : TargetUCIe nb_transport_fw received phase=END_RESP addr=0x3c len=4
7092206 ps (<) : TargetUCIe peq_cb: END_RESP received from HostUCIe
8005 ns (=) : HostUCIe nb_transport_fw received phase=BEGIN_REQ addr=0x0 len=4
8007335 ps (<) : HostUCIe peq_cb: BEGIN_REQ from gem5 bridge
8007335 ps (<) : HostUCIe Packing transaction into UCIe flits: cmd=READ addr=0x0 len=4 num_flits=1
8007335 ps (<) : HostUCIe Sending UCIe flit id=99 addr=0x0 size=4 tail=1
8007335 ps (<) : TargetUCIe nb_transport_fw received phase=BEGIN_REQ addr=0x0 len=4
8007335 ps (<) : HostUCIe Flit accepted by downstream target
8007335 ps (<) : HostUCIe Sending END_REQ back to gem5 bridge
8010 ns (=) : HostUCIe nb_transport_fw received phase=BEGIN_REQ addr=0x4 len=4
8012004 ps (<) : HostUCIe peq_cb: BEGIN_REQ from gem5 bridge
8012004 ps (<) : HostUCIe Packing transaction into UCIe flits: cmd=READ addr=0x4 len=4 num_flits=1
8012004 ps (<) : HostUCIe Sending UCIe flit id=100 addr=0x4 size=4 tail=1
8012004 ps (<) : TargetUCIe nb_transport_fw received phase=BEGIN_REQ addr=0x4 len=4
8012004 ps (<) : HostUCIe Flit accepted by downstream target
8012004 ps (<) : HostUCIe Sending END_REQ back to gem5 bridge
8015 ns (=) : HostUCIe nb_transport_fw received phase=BEGIN_REQ addr=0x8 len=4
8017335 ps (<) : TargetUCIe peq_cb: BEGIN_REQ from HostUCIe
8017335 ps (<) : TargetUCIe Received flit id=99 payload_size=4 tail=1 addr=0x0
8017335 ps (<) : TargetUCIe Sending ACK BEGIN_RESP back to HostUCIe
8017335 ps (<) : HostUCIe nb_transport_bw received phase=BEGIN_RESP addr=0x0 len=4
8017335 ps (<) : TargetUCIe Started reconstructing payload from flits
8017335 ps (<) : TargetUCIe Reconstructed length now=4
8017335 ps (<) : TargetUCIe Tail flit received. Forwarding reconstructed payload to ConvAccel
8017335 ps (<) : ConvAccel nb_transport_fw received phase=BEGIN_REQ cmd=READ addr=0x0 len=4
8017335 ps (<) : TargetUCIe ConvAccel accepted reconstructed payload
8017335 ps (<) : ConvAccel peq_cb BEGIN_REQ cmd=READ addr=0x0 len=4
8017335 ps (<) : ConvAccel SRAM READ using local offset
8017335 ps (<) : ConvAccel Sending BEGIN_RESP back to TargetUCIe
8017335 ps (<) : TargetUCIe nb_transport_bw received phase=BEGIN_RESP addr=0x0 len=4
8017335 ps (<) : HostUCIe peq_cb: BEGIN_RESP received from downstream target
8017335 ps (<) : HostUCIe Response extension: flit_id=99 ack=1 nak=0
8017335 ps (<) : HostUCIe ACK received: removed flit from retry buffer
8017335 ps (<) : TargetUCIe nb_transport_fw received phase=END_RESP addr=0x0 len=4
8017335 ps (<) : TargetUCIe peq_cb: BEGIN_RESP from ConvAccel, forwarding to HostUCIe
8017335 ps (<) : HostUCIe nb_transport_bw received phase=BEGIN_RESP addr=0x0 len=4
8017335 ps (<) : TargetUCIe peq_cb: END_RESP received from HostUCIe
8017335 ps (<) : HostUCIe peq_cb: BEGIN_RESP received from downstream target
8017335 ps (<) : TargetUCIe nb_transport_fw received phase=END_RESP addr=0x0 len=4
8017335 ps (<) : TargetUCIe peq_cb: END_RESP received from HostUCIe
8017340 ps (<) : HostUCIe peq_cb: BEGIN_REQ from gem5 bridge
8017340 ps (<) : HostUCIe Packing transaction into UCIe flits: cmd=READ addr=0x8 len=4 num_flits=1
8017340 ps (<) : HostUCIe Sending UCIe flit id=101 addr=0x8 size=4 tail=1
8017340 ps (<) : TargetUCIe nb_transport_fw received phase=BEGIN_REQ addr=0x8 len=4
8017340 ps (<) : HostUCIe Flit accepted by downstream target
8017340 ps (<) : HostUCIe Sending END_REQ back to gem5 bridge
8020 ns (=) : HostUCIe nb_transport_fw received phase=BEGIN_REQ addr=0xc len=4
8022004 ps (<) : TargetUCIe peq_cb: BEGIN_REQ from HostUCIe
8022004 ps (<) : TargetUCIe Received flit id=100 payload_size=4 tail=1 addr=0x4
8022004 ps (<) : TargetUCIe Sending ACK BEGIN_RESP back to HostUCIe
8022004 ps (<) : HostUCIe nb_transport_bw received phase=BEGIN_RESP addr=0x4 len=4
8022004 ps (<) : TargetUCIe Started reconstructing payload from flits
8022004 ps (<) : TargetUCIe Reconstructed length now=4
8022004 ps (<) : TargetUCIe Tail flit received. Forwarding reconstructed payload to ConvAccel
8022004 ps (<) : ConvAccel nb_transport_fw received phase=BEGIN_REQ cmd=READ addr=0x4 len=4
8022004 ps (<) : TargetUCIe ConvAccel accepted reconstructed payload
8022004 ps (<) : ConvAccel peq_cb BEGIN_REQ cmd=READ addr=0x4 len=4
8022004 ps (<) : ConvAccel SRAM READ using local offset
8022004 ps (<) : ConvAccel Sending BEGIN_RESP back to TargetUCIe
8022004 ps (<) : TargetUCIe nb_transport_bw received phase=BEGIN_RESP addr=0x4 len=4
8022004 ps (<) : HostUCIe peq_cb: BEGIN_RESP received from downstream target
8022004 ps (<) : HostUCIe Response extension: flit_id=100 ack=1 nak=0
8022004 ps (<) : HostUCIe ACK received: removed flit from retry buffer
8022004 ps (<) : TargetUCIe nb_transport_fw received phase=END_RESP addr=0x4 len=4
8022004 ps (<) : TargetUCIe peq_cb: BEGIN_RESP from ConvAccel, forwarding to HostUCIe
8022004 ps (<) : HostUCIe nb_transport_bw received phase=BEGIN_RESP addr=0x4 len=4
8022004 ps (<) : TargetUCIe peq_cb: END_RESP received from HostUCIe
8022004 ps (<) : HostUCIe peq_cb: BEGIN_RESP received from downstream target
8022004 ps (<) : TargetUCIe nb_transport_fw received phase=END_RESP addr=0x4 len=4
8022004 ps (<) : TargetUCIe peq_cb: END_RESP received from HostUCIe
8022009 ps (<) : HostUCIe peq_cb: BEGIN_REQ from gem5 bridge
8022009 ps (<) : HostUCIe Packing transaction into UCIe flits: cmd=READ addr=0xc len=4 num_flits=1
8022009 ps (<) : HostUCIe Sending UCIe flit id=102 addr=0xc size=4 tail=1
8022009 ps (<) : TargetUCIe nb_transport_fw received phase=BEGIN_REQ addr=0xc len=4
8022009 ps (<) : HostUCIe Flit accepted by downstream target
8022009 ps (<) : HostUCIe Sending END_REQ back to gem5 bridge
8025 ns (=) : HostUCIe nb_transport_fw received phase=BEGIN_REQ addr=0x10 len=4
8027340 ps (<) : TargetUCIe peq_cb: BEGIN_REQ from HostUCIe
8027340 ps (<) : TargetUCIe Received flit id=101 payload_size=4 tail=1 addr=0x8
8027340 ps (<) : TargetUCIe Sending ACK BEGIN_RESP back to HostUCIe
8027340 ps (<) : HostUCIe nb_transport_bw received phase=BEGIN_RESP addr=0x8 len=4
8027340 ps (<) : TargetUCIe Started reconstructing payload from flits
8027340 ps (<) : TargetUCIe Reconstructed length now=4
8027340 ps (<) : TargetUCIe Tail flit received. Forwarding reconstructed payload to ConvAccel
8027340 ps (<) : ConvAccel nb_transport_fw received phase=BEGIN_REQ cmd=READ addr=0x8 len=4
8027340 ps (<) : TargetUCIe ConvAccel accepted reconstructed payload
8027340 ps (<) : ConvAccel peq_cb BEGIN_REQ cmd=READ addr=0x8 len=4
8027340 ps (<) : ConvAccel SRAM READ using local offset
8027340 ps (<) : ConvAccel Sending BEGIN_RESP back to TargetUCIe
8027340 ps (<) : TargetUCIe nb_transport_bw received phase=BEGIN_RESP addr=0x8 len=4
8027340 ps (<) : HostUCIe peq_cb: BEGIN_RESP received from downstream target
8027340 ps (<) : HostUCIe Response extension: flit_id=101 ack=1 nak=0
8027340 ps (<) : HostUCIe ACK received: removed flit from retry buffer
8027340 ps (<) : TargetUCIe nb_transport_fw received phase=END_RESP addr=0x8 len=4
8027340 ps (<) : TargetUCIe peq_cb: BEGIN_RESP from ConvAccel, forwarding to HostUCIe
8027340 ps (<) : HostUCIe nb_transport_bw received phase=BEGIN_RESP addr=0x8 len=4
8027340 ps (<) : TargetUCIe peq_cb: END_RESP received from HostUCIe
8027340 ps (<) : HostUCIe peq_cb: BEGIN_RESP received from downstream target
8027340 ps (<) : TargetUCIe nb_transport_fw received phase=END_RESP addr=0x8 len=4
8027340 ps (<) : TargetUCIe peq_cb: END_RESP received from HostUCIe
8027345 ps (<) : HostUCIe peq_cb: BEGIN_REQ from gem5 bridge
8027345 ps (<) : HostUCIe Packing transaction into UCIe flits: cmd=READ addr=0x10 len=4 num_flits=1
8027345 ps (<) : HostUCIe Sending UCIe flit id=103 addr=0x10 size=4 tail=1
8027345 ps (<) : TargetUCIe nb_transport_fw received phase=BEGIN_REQ addr=0x10 len=4
8027345 ps (<) : HostUCIe Flit accepted by downstream target
8027345 ps (<) : HostUCIe Sending END_REQ back to gem5 bridge
8030 ns (=) : HostUCIe nb_transport_fw received phase=BEGIN_REQ addr=0x14 len=4
8032009 ps (<) : TargetUCIe peq_cb: BEGIN_REQ from HostUCIe
8032009 ps (<) : TargetUCIe Received flit id=102 payload_size=4 tail=1 addr=0xc
8032009 ps (<) : TargetUCIe Sending ACK BEGIN_RESP back to HostUCIe
8032009 ps (<) : HostUCIe nb_transport_bw received phase=BEGIN_RESP addr=0xc len=4
8032009 ps (<) : TargetUCIe Started reconstructing payload from flits
8032009 ps (<) : TargetUCIe Reconstructed length now=4
8032009 ps (<) : TargetUCIe Tail flit received. Forwarding reconstructed payload to ConvAccel
8032009 ps (<) : ConvAccel nb_transport_fw received phase=BEGIN_REQ cmd=READ addr=0xc len=4
8032009 ps (<) : TargetUCIe ConvAccel accepted reconstructed payload
8032009 ps (<) : ConvAccel peq_cb BEGIN_REQ cmd=READ addr=0xc len=4
8032009 ps (<) : ConvAccel SRAM READ using local offset
8032009 ps (<) : ConvAccel Sending BEGIN_RESP back to TargetUCIe
8032009 ps (<) : TargetUCIe nb_transport_bw received phase=BEGIN_RESP addr=0xc len=4
8032009 ps (<) : HostUCIe peq_cb: BEGIN_RESP received from downstream target
8032009 ps (<) : HostUCIe Response extension: flit_id=102 ack=1 nak=0
8032009 ps (<) : HostUCIe ACK received: removed flit from retry buffer
8032009 ps (<) : TargetUCIe nb_transport_fw received phase=END_RESP addr=0xc len=4
8032009 ps (<) : TargetUCIe peq_cb: BEGIN_RESP from ConvAccel, forwarding to HostUCIe
8032009 ps (<) : HostUCIe nb_transport_bw received phase=BEGIN_RESP addr=0xc len=4
8032009 ps (<) : TargetUCIe peq_cb: END_RESP received from HostUCIe
8032009 ps (<) : HostUCIe peq_cb: BEGIN_RESP received from downstream target
8032009 ps (<) : TargetUCIe nb_transport_fw received phase=END_RESP addr=0xc len=4
8032009 ps (<) : TargetUCIe peq_cb: END_RESP received from HostUCIe
8032014 ps (<) : HostUCIe peq_cb: BEGIN_REQ from gem5 bridge
8032014 ps (<) : HostUCIe Packing transaction into UCIe flits: cmd=READ addr=0x14 len=4 num_flits=1
8032014 ps (<) : HostUCIe Sending UCIe flit id=104 addr=0x14 size=4 tail=1
8032014 ps (<) : TargetUCIe nb_transport_fw received phase=BEGIN_REQ addr=0x14 len=4
8032014 ps (<) : HostUCIe Flit accepted by downstream target
8032014 ps (<) : HostUCIe Sending END_REQ back to gem5 bridge
8035 ns (=) : HostUCIe nb_transport_fw received phase=BEGIN_REQ addr=0x18 len=4
8037345 ps (<) : TargetUCIe peq_cb: BEGIN_REQ from HostUCIe
8037345 ps (<) : TargetUCIe Received flit id=103 payload_size=4 tail=1 addr=0x10
8037345 ps (<) : TargetUCIe Sending ACK BEGIN_RESP back to HostUCIe
8037345 ps (<) : HostUCIe nb_transport_bw received phase=BEGIN_RESP addr=0x10 len=4
8037345 ps (<) : TargetUCIe Started reconstructing payload from flits
8037345 ps (<) : TargetUCIe Reconstructed length now=4
8037345 ps (<) : TargetUCIe Tail flit received. Forwarding reconstructed payload to ConvAccel
8037345 ps (<) : ConvAccel nb_transport_fw received phase=BEGIN_REQ cmd=READ addr=0x10 len=4
8037345 ps (<) : TargetUCIe ConvAccel accepted reconstructed payload
8037345 ps (<) : ConvAccel peq_cb BEGIN_REQ cmd=READ addr=0x10 len=4
8037345 ps (<) : ConvAccel SRAM READ using local offset
8037345 ps (<) : ConvAccel Sending BEGIN_RESP back to TargetUCIe
8037345 ps (<) : TargetUCIe nb_transport_bw received phase=BEGIN_RESP addr=0x10 len=4
8037345 ps (<) : HostUCIe peq_cb: BEGIN_RESP received from downstream target
8037345 ps (<) : HostUCIe Response extension: flit_id=103 ack=1 nak=0
8037345 ps (<) : HostUCIe ACK received: removed flit from retry buffer
8037345 ps (<) : TargetUCIe nb_transport_fw received phase=END_RESP addr=0x10 len=4
8037345 ps (<) : TargetUCIe peq_cb: BEGIN_RESP from ConvAccel, forwarding to HostUCIe
8037345 ps (<) : HostUCIe nb_transport_bw received phase=BEGIN_RESP addr=0x10 len=4
8037345 ps (<) : TargetUCIe peq_cb: END_RESP received from HostUCIe
8037345 ps (<) : HostUCIe peq_cb: BEGIN_RESP received from downstream target
8037345 ps (<) : TargetUCIe nb_transport_fw received phase=END_RESP addr=0x10 len=4
8037345 ps (<) : TargetUCIe peq_cb: END_RESP received from HostUCIe
8037350 ps (<) : HostUCIe peq_cb: BEGIN_REQ from gem5 bridge
8037350 ps (<) : HostUCIe Packing transaction into UCIe flits: cmd=READ addr=0x18 len=4 num_flits=1
8037350 ps (<) : HostUCIe Sending UCIe flit id=105 addr=0x18 size=4 tail=1
8037350 ps (<) : TargetUCIe nb_transport_fw received phase=BEGIN_REQ addr=0x18 len=4
8037350 ps (<) : HostUCIe Flit accepted by downstream target
8037350 ps (<) : HostUCIe Sending END_REQ back to gem5 bridge
8040 ns (=) : HostUCIe nb_transport_fw received phase=BEGIN_REQ addr=0x1c len=4
8042014 ps (<) : TargetUCIe peq_cb: BEGIN_REQ from HostUCIe
8042014 ps (<) : TargetUCIe Received flit id=104 payload_size=4 tail=1 addr=0x14
8042014 ps (<) : TargetUCIe Sending ACK BEGIN_RESP back to HostUCIe
8042014 ps (<) : HostUCIe nb_transport_bw received phase=BEGIN_RESP addr=0x14 len=4
8042014 ps (<) : TargetUCIe Started reconstructing payload from flits
8042014 ps (<) : TargetUCIe Reconstructed length now=4
8042014 ps (<) : TargetUCIe Tail flit received. Forwarding reconstructed payload to ConvAccel
8042014 ps (<) : ConvAccel nb_transport_fw received phase=BEGIN_REQ cmd=READ addr=0x14 len=4
8042014 ps (<) : TargetUCIe ConvAccel accepted reconstructed payload
8042014 ps (<) : ConvAccel peq_cb BEGIN_REQ cmd=READ addr=0x14 len=4
8042014 ps (<) : ConvAccel SRAM READ using local offset
8042014 ps (<) : ConvAccel Sending BEGIN_RESP back to TargetUCIe
8042014 ps (<) : TargetUCIe nb_transport_bw received phase=BEGIN_RESP addr=0x14 len=4
8042014 ps (<) : HostUCIe peq_cb: BEGIN_RESP received from downstream target
8042014 ps (<) : HostUCIe Response extension: flit_id=104 ack=1 nak=0
8042014 ps (<) : HostUCIe ACK received: removed flit from retry buffer
8042014 ps (<) : TargetUCIe nb_transport_fw received phase=END_RESP addr=0x14 len=4
8042014 ps (<) : TargetUCIe peq_cb: BEGIN_RESP from ConvAccel, forwarding to HostUCIe
8042014 ps (<) : HostUCIe nb_transport_bw received phase=BEGIN_RESP addr=0x14 len=4
8042014 ps (<) : TargetUCIe peq_cb: END_RESP received from HostUCIe
8042014 ps (<) : HostUCIe peq_cb: BEGIN_RESP received from downstream target
8042014 ps (<) : TargetUCIe nb_transport_fw received phase=END_RESP addr=0x14 len=4
8042014 ps (<) : TargetUCIe peq_cb: END_RESP received from HostUCIe
8042019 ps (<) : HostUCIe peq_cb: BEGIN_REQ from gem5 bridge
8042019 ps (<) : HostUCIe Packing transaction into UCIe flits: cmd=READ addr=0x1c len=4 num_flits=1
8042019 ps (<) : HostUCIe Sending UCIe flit id=106 addr=0x1c size=4 tail=1
8042019 ps (<) : TargetUCIe nb_transport_fw received phase=BEGIN_REQ addr=0x1c len=4
8042019 ps (<) : HostUCIe Flit accepted by downstream target
8042019 ps (<) : HostUCIe Sending END_REQ back to gem5 bridge
8045 ns (=) : HostUCIe nb_transport_fw received phase=BEGIN_REQ addr=0x20 len=4
8047350 ps (<) : TargetUCIe peq_cb: BEGIN_REQ from HostUCIe
8047350 ps (<) : TargetUCIe Received flit id=105 payload_size=4 tail=1 addr=0x18
8047350 ps (<) : TargetUCIe Sending ACK BEGIN_RESP back to HostUCIe
8047350 ps (<) : HostUCIe nb_transport_bw received phase=BEGIN_RESP addr=0x18 len=4
8047350 ps (<) : TargetUCIe Started reconstructing payload from flits
8047350 ps (<) : TargetUCIe Reconstructed length now=4
8047350 ps (<) : TargetUCIe Tail flit received. Forwarding reconstructed payload to ConvAccel
8047350 ps (<) : ConvAccel nb_transport_fw received phase=BEGIN_REQ cmd=READ addr=0x18 len=4
8047350 ps (<) : TargetUCIe ConvAccel accepted reconstructed payload
8047350 ps (<) : ConvAccel peq_cb BEGIN_REQ cmd=READ addr=0x18 len=4
8047350 ps (<) : ConvAccel SRAM READ using local offset
8047350 ps (<) : ConvAccel Sending BEGIN_RESP back to TargetUCIe
8047350 ps (<) : TargetUCIe nb_transport_bw received phase=BEGIN_RESP addr=0x18 len=4
8047350 ps (<) : HostUCIe peq_cb: BEGIN_RESP received from downstream target
8047350 ps (<) : HostUCIe Response extension: flit_id=105 ack=1 nak=0
8047350 ps (<) : HostUCIe ACK received: removed flit from retry buffer
8047350 ps (<) : TargetUCIe nb_transport_fw received phase=END_RESP addr=0x18 len=4
8047350 ps (<) : TargetUCIe peq_cb: BEGIN_RESP from ConvAccel, forwarding to HostUCIe
8047350 ps (<) : HostUCIe nb_transport_bw received phase=BEGIN_RESP addr=0x18 len=4
8047350 ps (<) : TargetUCIe peq_cb: END_RESP received from HostUCIe
8047350 ps (<) : HostUCIe peq_cb: BEGIN_RESP received from downstream target
8047350 ps (<) : TargetUCIe nb_transport_fw received phase=END_RESP addr=0x18 len=4
8047350 ps (<) : TargetUCIe peq_cb: END_RESP received from HostUCIe
8047355 ps (<) : HostUCIe peq_cb: BEGIN_REQ from gem5 bridge
8047355 ps (<) : HostUCIe Packing transaction into UCIe flits: cmd=READ addr=0x20 len=4 num_flits=1
8047355 ps (<) : HostUCIe Sending UCIe flit id=107 addr=0x20 size=4 tail=1
8047355 ps (<) : TargetUCIe nb_transport_fw received phase=BEGIN_REQ addr=0x20 len=4
8047355 ps (<) : HostUCIe Flit accepted by downstream target
8047355 ps (<) : HostUCIe Sending END_REQ back to gem5 bridge
8050 ns (=) : HostUCIe nb_transport_fw received phase=BEGIN_REQ addr=0x24 len=4
8052019 ps (<) : TargetUCIe peq_cb: BEGIN_REQ from HostUCIe
8052019 ps (<) : TargetUCIe Received flit id=106 payload_size=4 tail=1 addr=0x1c
8052019 ps (<) : TargetUCIe Sending ACK BEGIN_RESP back to HostUCIe
8052019 ps (<) : HostUCIe nb_transport_bw received phase=BEGIN_RESP addr=0x1c len=4
8052019 ps (<) : TargetUCIe Started reconstructing payload from flits
8052019 ps (<) : TargetUCIe Reconstructed length now=4
8052019 ps (<) : TargetUCIe Tail flit received. Forwarding reconstructed payload to ConvAccel
8052019 ps (<) : ConvAccel nb_transport_fw received phase=BEGIN_REQ cmd=READ addr=0x1c len=4
8052019 ps (<) : TargetUCIe ConvAccel accepted reconstructed payload
8052019 ps (<) : ConvAccel peq_cb BEGIN_REQ cmd=READ addr=0x1c len=4
8052019 ps (<) : ConvAccel SRAM READ using local offset
8052019 ps (<) : ConvAccel Sending BEGIN_RESP back to TargetUCIe
8052019 ps (<) : TargetUCIe nb_transport_bw received phase=BEGIN_RESP addr=0x1c len=4
8052019 ps (<) : HostUCIe peq_cb: BEGIN_RESP received from downstream target
8052019 ps (<) : HostUCIe Response extension: flit_id=106 ack=1 nak=0
8052019 ps (<) : HostUCIe ACK received: removed flit from retry buffer
8052019 ps (<) : TargetUCIe nb_transport_fw received phase=END_RESP addr=0x1c len=4
8052019 ps (<) : TargetUCIe peq_cb: BEGIN_RESP from ConvAccel, forwarding to HostUCIe
8052019 ps (<) : HostUCIe nb_transport_bw received phase=BEGIN_RESP addr=0x1c len=4
8052019 ps (<) : TargetUCIe peq_cb: END_RESP received from HostUCIe
8052019 ps (<) : HostUCIe peq_cb: BEGIN_RESP received from downstream target
8052019 ps (<) : TargetUCIe nb_transport_fw received phase=END_RESP addr=0x1c len=4
8052019 ps (<) : TargetUCIe peq_cb: END_RESP received from HostUCIe
8052024 ps (<) : HostUCIe peq_cb: BEGIN_REQ from gem5 bridge
8052024 ps (<) : HostUCIe Packing transaction into UCIe flits: cmd=READ addr=0x24 len=4 num_flits=1
8052024 ps (<) : HostUCIe Sending UCIe flit id=108 addr=0x24 size=4 tail=1
8052024 ps (<) : TargetUCIe nb_transport_fw received phase=BEGIN_REQ addr=0x24 len=4
8052024 ps (<) : HostUCIe Flit accepted by downstream target
8052024 ps (<) : HostUCIe Sending END_REQ back to gem5 bridge
8055 ns (=) : HostUCIe nb_transport_fw received phase=BEGIN_REQ addr=0x28 len=4
8057355 ps (<) : TargetUCIe peq_cb: BEGIN_REQ from HostUCIe
8057355 ps (<) : TargetUCIe Received flit id=107 payload_size=4 tail=1 addr=0x20
8057355 ps (<) : TargetUCIe Sending ACK BEGIN_RESP back to HostUCIe
8057355 ps (<) : HostUCIe nb_transport_bw received phase=BEGIN_RESP addr=0x20 len=4
8057355 ps (<) : TargetUCIe Started reconstructing payload from flits
8057355 ps (<) : TargetUCIe Reconstructed length now=4
8057355 ps (<) : TargetUCIe Tail flit received. Forwarding reconstructed payload to ConvAccel
8057355 ps (<) : ConvAccel nb_transport_fw received phase=BEGIN_REQ cmd=READ addr=0x20 len=4
8057355 ps (<) : TargetUCIe ConvAccel accepted reconstructed payload
8057355 ps (<) : ConvAccel peq_cb BEGIN_REQ cmd=READ addr=0x20 len=4
8057355 ps (<) : ConvAccel SRAM READ using local offset
8057355 ps (<) : ConvAccel Sending BEGIN_RESP back to TargetUCIe
8057355 ps (<) : TargetUCIe nb_transport_bw received phase=BEGIN_RESP addr=0x20 len=4
8057355 ps (<) : HostUCIe peq_cb: BEGIN_RESP received from downstream target
8057355 ps (<) : HostUCIe Response extension: flit_id=107 ack=1 nak=0
8057355 ps (<) : HostUCIe ACK received: removed flit from retry buffer
8057355 ps (<) : TargetUCIe nb_transport_fw received phase=END_RESP addr=0x20 len=4
8057355 ps (<) : TargetUCIe peq_cb: BEGIN_RESP from ConvAccel, forwarding to HostUCIe
8057355 ps (<) : HostUCIe nb_transport_bw received phase=BEGIN_RESP addr=0x20 len=4
8057355 ps (<) : TargetUCIe peq_cb: END_RESP received from HostUCIe
8057355 ps (<) : HostUCIe peq_cb: BEGIN_RESP received from downstream target
8057355 ps (<) : TargetUCIe nb_transport_fw received phase=END_RESP addr=0x20 len=4
8057355 ps (<) : TargetUCIe peq_cb: END_RESP received from HostUCIe
8057360 ps (<) : HostUCIe peq_cb: BEGIN_REQ from gem5 bridge
8057360 ps (<) : HostUCIe Packing transaction into UCIe flits: cmd=READ addr=0x28 len=4 num_flits=1
8057360 ps (<) : HostUCIe Sending UCIe flit id=109 addr=0x28 size=4 tail=1
8057360 ps (<) : TargetUCIe nb_transport_fw received phase=BEGIN_REQ addr=0x28 len=4
8057360 ps (<) : HostUCIe Flit accepted by downstream target
8057360 ps (<) : HostUCIe Sending END_REQ back to gem5 bridge
8060 ns (=) : HostUCIe nb_transport_fw received phase=BEGIN_REQ addr=0x2c len=4
8062024 ps (<) : TargetUCIe peq_cb: BEGIN_REQ from HostUCIe
8062024 ps (<) : TargetUCIe Received flit id=108 payload_size=4 tail=1 addr=0x24
8062024 ps (<) : TargetUCIe Sending ACK BEGIN_RESP back to HostUCIe
8062024 ps (<) : HostUCIe nb_transport_bw received phase=BEGIN_RESP addr=0x24 len=4
8062024 ps (<) : TargetUCIe Started reconstructing payload from flits
8062024 ps (<) : TargetUCIe Reconstructed length now=4
8062024 ps (<) : TargetUCIe Tail flit received. Forwarding reconstructed payload to ConvAccel
8062024 ps (<) : ConvAccel nb_transport_fw received phase=BEGIN_REQ cmd=READ addr=0x24 len=4
8062024 ps (<) : TargetUCIe ConvAccel accepted reconstructed payload
8062024 ps (<) : ConvAccel peq_cb BEGIN_REQ cmd=READ addr=0x24 len=4
8062024 ps (<) : ConvAccel SRAM READ using local offset
8062024 ps (<) : ConvAccel Sending BEGIN_RESP back to TargetUCIe
8062024 ps (<) : TargetUCIe nb_transport_bw received phase=BEGIN_RESP addr=0x24 len=4
8062024 ps (<) : HostUCIe peq_cb: BEGIN_RESP received from downstream target
8062024 ps (<) : HostUCIe Response extension: flit_id=108 ack=1 nak=0
8062024 ps (<) : HostUCIe ACK received: removed flit from retry buffer
8062024 ps (<) : TargetUCIe nb_transport_fw received phase=END_RESP addr=0x24 len=4
8062024 ps (<) : TargetUCIe peq_cb: BEGIN_RESP from ConvAccel, forwarding to HostUCIe
8062024 ps (<) : HostUCIe nb_transport_bw received phase=BEGIN_RESP addr=0x24 len=4
8062024 ps (<) : TargetUCIe peq_cb: END_RESP received from HostUCIe
8062024 ps (<) : HostUCIe peq_cb: BEGIN_RESP received from downstream target
8062024 ps (<) : TargetUCIe nb_transport_fw received phase=END_RESP addr=0x24 len=4
8062024 ps (<) : TargetUCIe peq_cb: END_RESP received from HostUCIe
8062029 ps (<) : HostUCIe peq_cb: BEGIN_REQ from gem5 bridge
8062029 ps (<) : HostUCIe Packing transaction into UCIe flits: cmd=READ addr=0x2c len=4 num_flits=1
8062029 ps (<) : HostUCIe Sending UCIe flit id=110 addr=0x2c size=4 tail=1
8062029 ps (<) : TargetUCIe nb_transport_fw received phase=BEGIN_REQ addr=0x2c len=4
8062029 ps (<) : HostUCIe Flit accepted by downstream target
8062029 ps (<) : HostUCIe Sending END_REQ back to gem5 bridge
8065 ns (=) : HostUCIe nb_transport_fw received phase=BEGIN_REQ addr=0x30 len=4
8067360 ps (<) : TargetUCIe peq_cb: BEGIN_REQ from HostUCIe
8067360 ps (<) : TargetUCIe Received flit id=109 payload_size=4 tail=1 addr=0x28
8067360 ps (<) : TargetUCIe Sending ACK BEGIN_RESP back to HostUCIe
8067360 ps (<) : HostUCIe nb_transport_bw received phase=BEGIN_RESP addr=0x28 len=4
8067360 ps (<) : TargetUCIe Started reconstructing payload from flits
8067360 ps (<) : TargetUCIe Reconstructed length now=4
8067360 ps (<) : TargetUCIe Tail flit received. Forwarding reconstructed payload to ConvAccel
8067360 ps (<) : ConvAccel nb_transport_fw received phase=BEGIN_REQ cmd=READ addr=0x28 len=4
8067360 ps (<) : TargetUCIe ConvAccel accepted reconstructed payload
8067360 ps (<) : ConvAccel peq_cb BEGIN_REQ cmd=READ addr=0x28 len=4
8067360 ps (<) : ConvAccel SRAM READ using local offset
8067360 ps (<) : ConvAccel Sending BEGIN_RESP back to TargetUCIe
8067360 ps (<) : TargetUCIe nb_transport_bw received phase=BEGIN_RESP addr=0x28 len=4
8067360 ps (<) : HostUCIe peq_cb: BEGIN_RESP received from downstream target
8067360 ps (<) : HostUCIe Response extension: flit_id=109 ack=1 nak=0
8067360 ps (<) : HostUCIe ACK received: removed flit from retry buffer
8067360 ps (<) : TargetUCIe nb_transport_fw received phase=END_RESP addr=0x28 len=4
8067360 ps (<) : TargetUCIe peq_cb: BEGIN_RESP from ConvAccel, forwarding to HostUCIe
8067360 ps (<) : HostUCIe nb_transport_bw received phase=BEGIN_RESP addr=0x28 len=4
8067360 ps (<) : TargetUCIe peq_cb: END_RESP received from HostUCIe
8067360 ps (<) : HostUCIe peq_cb: BEGIN_RESP received from downstream target
8067360 ps (<) : TargetUCIe nb_transport_fw received phase=END_RESP addr=0x28 len=4
8067360 ps (<) : TargetUCIe peq_cb: END_RESP received from HostUCIe
8067365 ps (<) : HostUCIe peq_cb: BEGIN_REQ from gem5 bridge
8067365 ps (<) : HostUCIe Packing transaction into UCIe flits: cmd=READ addr=0x30 len=4 num_flits=1
8067365 ps (<) : HostUCIe Sending UCIe flit id=111 addr=0x30 size=4 tail=1
8067365 ps (<) : TargetUCIe nb_transport_fw received phase=BEGIN_REQ addr=0x30 len=4
8067365 ps (<) : HostUCIe Flit accepted by downstream target
8067365 ps (<) : HostUCIe Sending END_REQ back to gem5 bridge
8070 ns (=) : HostUCIe nb_transport_fw received phase=BEGIN_REQ addr=0x34 len=4
8072029 ps (<) : TargetUCIe peq_cb: BEGIN_REQ from HostUCIe
8072029 ps (<) : TargetUCIe Received flit id=110 payload_size=4 tail=1 addr=0x2c
8072029 ps (<) : TargetUCIe Sending ACK BEGIN_RESP back to HostUCIe
8072029 ps (<) : HostUCIe nb_transport_bw received phase=BEGIN_RESP addr=0x2c len=4
8072029 ps (<) : TargetUCIe Started reconstructing payload from flits
8072029 ps (<) : TargetUCIe Reconstructed length now=4
8072029 ps (<) : TargetUCIe Tail flit received. Forwarding reconstructed payload to ConvAccel
8072029 ps (<) : ConvAccel nb_transport_fw received phase=BEGIN_REQ cmd=READ addr=0x2c len=4
8072029 ps (<) : TargetUCIe ConvAccel accepted reconstructed payload
8072029 ps (<) : ConvAccel peq_cb BEGIN_REQ cmd=READ addr=0x2c len=4
8072029 ps (<) : ConvAccel SRAM READ using local offset
8072029 ps (<) : ConvAccel Sending BEGIN_RESP back to TargetUCIe
8072029 ps (<) : TargetUCIe nb_transport_bw received phase=BEGIN_RESP addr=0x2c len=4
8072029 ps (<) : HostUCIe peq_cb: BEGIN_RESP received from downstream target
8072029 ps (<) : HostUCIe Response extension: flit_id=110 ack=1 nak=0
8072029 ps (<) : HostUCIe ACK received: removed flit from retry buffer
8072029 ps (<) : TargetUCIe nb_transport_fw received phase=END_RESP addr=0x2c len=4
8072029 ps (<) : TargetUCIe peq_cb: BEGIN_RESP from ConvAccel, forwarding to HostUCIe
8072029 ps (<) : HostUCIe nb_transport_bw received phase=BEGIN_RESP addr=0x2c len=4
8072029 ps (<) : TargetUCIe peq_cb: END_RESP received from HostUCIe
8072029 ps (<) : HostUCIe peq_cb: BEGIN_RESP received from downstream target
8072029 ps (<) : TargetUCIe nb_transport_fw received phase=END_RESP addr=0x2c len=4
8072029 ps (<) : TargetUCIe peq_cb: END_RESP received from HostUCIe
8072034 ps (<) : HostUCIe peq_cb: BEGIN_REQ from gem5 bridge
8072034 ps (<) : HostUCIe Packing transaction into UCIe flits: cmd=READ addr=0x34 len=4 num_flits=1
8072034 ps (<) : HostUCIe Sending UCIe flit id=112 addr=0x34 size=4 tail=1
8072034 ps (<) : TargetUCIe nb_transport_fw received phase=BEGIN_REQ addr=0x34 len=4
8072034 ps (<) : HostUCIe Flit accepted by downstream target
8072034 ps (<) : HostUCIe Sending END_REQ back to gem5 bridge
8075 ns (=) : HostUCIe nb_transport_fw received phase=BEGIN_REQ addr=0x38 len=4
8077365 ps (<) : TargetUCIe peq_cb: BEGIN_REQ from HostUCIe
8077365 ps (<) : TargetUCIe Received flit id=111 payload_size=4 tail=1 addr=0x30
8077365 ps (<) : TargetUCIe Sending ACK BEGIN_RESP back to HostUCIe
8077365 ps (<) : HostUCIe nb_transport_bw received phase=BEGIN_RESP addr=0x30 len=4
8077365 ps (<) : TargetUCIe Started reconstructing payload from flits
8077365 ps (<) : TargetUCIe Reconstructed length now=4
8077365 ps (<) : TargetUCIe Tail flit received. Forwarding reconstructed payload to ConvAccel
8077365 ps (<) : ConvAccel nb_transport_fw received phase=BEGIN_REQ cmd=READ addr=0x30 len=4
8077365 ps (<) : TargetUCIe ConvAccel accepted reconstructed payload
8077365 ps (<) : ConvAccel peq_cb BEGIN_REQ cmd=READ addr=0x30 len=4
8077365 ps (<) : ConvAccel SRAM READ using local offset
8077365 ps (<) : ConvAccel Sending BEGIN_RESP back to TargetUCIe
8077365 ps (<) : TargetUCIe nb_transport_bw received phase=BEGIN_RESP addr=0x30 len=4
8077365 ps (<) : HostUCIe peq_cb: BEGIN_RESP received from downstream target
8077365 ps (<) : HostUCIe Response extension: flit_id=111 ack=1 nak=0
8077365 ps (<) : HostUCIe ACK received: removed flit from retry buffer
8077365 ps (<) : TargetUCIe nb_transport_fw received phase=END_RESP addr=0x30 len=4
8077365 ps (<) : TargetUCIe peq_cb: BEGIN_RESP from ConvAccel, forwarding to HostUCIe
8077365 ps (<) : HostUCIe nb_transport_bw received phase=BEGIN_RESP addr=0x30 len=4
8077365 ps (<) : TargetUCIe peq_cb: END_RESP received from HostUCIe
8077365 ps (<) : HostUCIe peq_cb: BEGIN_RESP received from downstream target
8077365 ps (<) : TargetUCIe nb_transport_fw received phase=END_RESP addr=0x30 len=4
8077365 ps (<) : TargetUCIe peq_cb: END_RESP received from HostUCIe
8077370 ps (<) : HostUCIe peq_cb: BEGIN_REQ from gem5 bridge
8077370 ps (<) : HostUCIe Packing transaction into UCIe flits: cmd=READ addr=0x38 len=4 num_flits=1
8077370 ps (<) : HostUCIe Sending UCIe flit id=113 addr=0x38 size=4 tail=1
8077370 ps (<) : TargetUCIe nb_transport_fw received phase=BEGIN_REQ addr=0x38 len=4
8077370 ps (<) : HostUCIe Flit accepted by downstream target
8077370 ps (<) : HostUCIe Sending END_REQ back to gem5 bridge
8080 ns (=) : HostUCIe nb_transport_fw received phase=BEGIN_REQ addr=0x3c len=4
8082034 ps (<) : TargetUCIe peq_cb: BEGIN_REQ from HostUCIe
8082034 ps (<) : TargetUCIe Received flit id=112 payload_size=4 tail=1 addr=0x34
8082034 ps (<) : TargetUCIe Sending ACK BEGIN_RESP back to HostUCIe
8082034 ps (<) : HostUCIe nb_transport_bw received phase=BEGIN_RESP addr=0x34 len=4
8082034 ps (<) : TargetUCIe Started reconstructing payload from flits
8082034 ps (<) : TargetUCIe Reconstructed length now=4
8082034 ps (<) : TargetUCIe Tail flit received. Forwarding reconstructed payload to ConvAccel
8082034 ps (<) : ConvAccel nb_transport_fw received phase=BEGIN_REQ cmd=READ addr=0x34 len=4
8082034 ps (<) : TargetUCIe ConvAccel accepted reconstructed payload
8082034 ps (<) : ConvAccel peq_cb BEGIN_REQ cmd=READ addr=0x34 len=4
8082034 ps (<) : ConvAccel SRAM READ using local offset
8082034 ps (<) : ConvAccel Sending BEGIN_RESP back to TargetUCIe
8082034 ps (<) : TargetUCIe nb_transport_bw received phase=BEGIN_RESP addr=0x34 len=4
8082034 ps (<) : HostUCIe peq_cb: BEGIN_RESP received from downstream target
8082034 ps (<) : HostUCIe Response extension: flit_id=112 ack=1 nak=0
8082034 ps (<) : HostUCIe ACK received: removed flit from retry buffer
8082034 ps (<) : TargetUCIe nb_transport_fw received phase=END_RESP addr=0x34 len=4
8082034 ps (<) : TargetUCIe peq_cb: BEGIN_RESP from ConvAccel, forwarding to HostUCIe
8082034 ps (<) : HostUCIe nb_transport_bw received phase=BEGIN_RESP addr=0x34 len=4
8082034 ps (<) : TargetUCIe peq_cb: END_RESP received from HostUCIe
8082034 ps (<) : HostUCIe peq_cb: BEGIN_RESP received from downstream target
8082034 ps (<) : TargetUCIe nb_transport_fw received phase=END_RESP addr=0x34 len=4
8082034 ps (<) : TargetUCIe peq_cb: END_RESP received from HostUCIe
8082039 ps (<) : HostUCIe peq_cb: BEGIN_REQ from gem5 bridge
8082039 ps (<) : HostUCIe Packing transaction into UCIe flits: cmd=READ addr=0x3c len=4 num_flits=1
8082039 ps (<) : HostUCIe Sending UCIe flit id=114 addr=0x3c size=4 tail=1
8082039 ps (<) : TargetUCIe nb_transport_fw received phase=BEGIN_REQ addr=0x3c len=4
8082039 ps (<) : HostUCIe Flit accepted by downstream target
8082039 ps (<) : HostUCIe Sending END_REQ back to gem5 bridge
8087370 ps (<) : TargetUCIe peq_cb: BEGIN_REQ from HostUCIe
8087370 ps (<) : TargetUCIe Received flit id=113 payload_size=4 tail=1 addr=0x38
8087370 ps (<) : TargetUCIe Sending ACK BEGIN_RESP back to HostUCIe
8087370 ps (<) : HostUCIe nb_transport_bw received phase=BEGIN_RESP addr=0x38 len=4
8087370 ps (<) : TargetUCIe Started reconstructing payload from flits
8087370 ps (<) : TargetUCIe Reconstructed length now=4
8087370 ps (<) : TargetUCIe Tail flit received. Forwarding reconstructed payload to ConvAccel
8087370 ps (<) : ConvAccel nb_transport_fw received phase=BEGIN_REQ cmd=READ addr=0x38 len=4
8087370 ps (<) : TargetUCIe ConvAccel accepted reconstructed payload
8087370 ps (<) : ConvAccel peq_cb BEGIN_REQ cmd=READ addr=0x38 len=4
8087370 ps (<) : ConvAccel SRAM READ using local offset
8087370 ps (<) : ConvAccel Sending BEGIN_RESP back to TargetUCIe
8087370 ps (<) : TargetUCIe nb_transport_bw received phase=BEGIN_RESP addr=0x38 len=4
8087370 ps (<) : HostUCIe peq_cb: BEGIN_RESP received from downstream target
8087370 ps (<) : HostUCIe Response extension: flit_id=113 ack=1 nak=0
8087370 ps (<) : HostUCIe ACK received: removed flit from retry buffer
8087370 ps (<) : TargetUCIe nb_transport_fw received phase=END_RESP addr=0x38 len=4
8087370 ps (<) : TargetUCIe peq_cb: BEGIN_RESP from ConvAccel, forwarding to HostUCIe
8087370 ps (<) : HostUCIe nb_transport_bw received phase=BEGIN_RESP addr=0x38 len=4
8087370 ps (<) : TargetUCIe peq_cb: END_RESP received from HostUCIe
8087370 ps (<) : HostUCIe peq_cb: BEGIN_RESP received from downstream target
8087370 ps (<) : TargetUCIe nb_transport_fw received phase=END_RESP addr=0x38 len=4
8087370 ps (<) : TargetUCIe peq_cb: END_RESP received from HostUCIe
8092039 ps (<) : TargetUCIe peq_cb: BEGIN_REQ from HostUCIe
8092039 ps (<) : TargetUCIe Received flit id=114 payload_size=4 tail=1 addr=0x3c
8092039 ps (<) : TargetUCIe Sending ACK BEGIN_RESP back to HostUCIe
8092039 ps (<) : HostUCIe nb_transport_bw received phase=BEGIN_RESP addr=0x3c len=4
8092039 ps (<) : TargetUCIe Started reconstructing payload from flits
8092039 ps (<) : TargetUCIe Reconstructed length now=4
8092039 ps (<) : TargetUCIe Tail flit received. Forwarding reconstructed payload to ConvAccel
8092039 ps (<) : ConvAccel nb_transport_fw received phase=BEGIN_REQ cmd=READ addr=0x3c len=4
8092039 ps (<) : TargetUCIe ConvAccel accepted reconstructed payload
8092039 ps (<) : ConvAccel peq_cb BEGIN_REQ cmd=READ addr=0x3c len=4
8092039 ps (<) : ConvAccel SRAM READ using local offset
8092039 ps (<) : ConvAccel Sending BEGIN_RESP back to TargetUCIe
8092039 ps (<) : TargetUCIe nb_transport_bw received phase=BEGIN_RESP addr=0x3c len=4
8092039 ps (<) : HostUCIe peq_cb: BEGIN_RESP received from downstream target
8092039 ps (<) : HostUCIe Response extension: flit_id=114 ack=1 nak=0
8092039 ps (<) : HostUCIe ACK received: removed flit from retry buffer
8092039 ps (<) : TargetUCIe nb_transport_fw received phase=END_RESP addr=0x3c len=4
8092039 ps (<) : TargetUCIe peq_cb: BEGIN_RESP from ConvAccel, forwarding to HostUCIe
8092039 ps (<) : HostUCIe nb_transport_bw received phase=BEGIN_RESP addr=0x3c len=4
8092039 ps (<) : TargetUCIe peq_cb: END_RESP received from HostUCIe
8092039 ps (<) : HostUCIe peq_cb: BEGIN_RESP received from downstream target
8092039 ps (<) : TargetUCIe nb_transport_fw received phase=END_RESP addr=0x3c len=4
8092039 ps (<) : TargetUCIe peq_cb: END_RESP received from HostUCIe
9005 ns (=) : HostUCIe nb_transport_fw received phase=BEGIN_REQ addr=0x0 len=4
9007168 ps (<) : HostUCIe peq_cb: BEGIN_REQ from gem5 bridge
9007168 ps (<) : HostUCIe Packing transaction into UCIe flits: cmd=READ addr=0x0 len=4 num_flits=1
9007168 ps (<) : HostUCIe Sending UCIe flit id=115 addr=0x0 size=4 tail=1
9007168 ps (<) : TargetUCIe nb_transport_fw received phase=BEGIN_REQ addr=0x0 len=4
9007168 ps (<) : HostUCIe Flit accepted by downstream target
9007168 ps (<) : HostUCIe Sending END_REQ back to gem5 bridge
9010 ns (=) : HostUCIe nb_transport_fw received phase=BEGIN_REQ addr=0x4 len=4
9012504 ps (<) : HostUCIe peq_cb: BEGIN_REQ from gem5 bridge
9012504 ps (<) : HostUCIe Packing transaction into UCIe flits: cmd=READ addr=0x4 len=4 num_flits=1
9012504 ps (<) : HostUCIe Sending UCIe flit id=116 addr=0x4 size=4 tail=1
9012504 ps (<) : TargetUCIe nb_transport_fw received phase=BEGIN_REQ addr=0x4 len=4
9012504 ps (<) : HostUCIe Flit accepted by downstream target
9012504 ps (<) : HostUCIe Sending END_REQ back to gem5 bridge
9015 ns (=) : HostUCIe nb_transport_fw received phase=BEGIN_REQ addr=0x8 len=4
9017168 ps (<) : TargetUCIe peq_cb: BEGIN_REQ from HostUCIe
9017168 ps (<) : TargetUCIe Received flit id=115 payload_size=4 tail=1 addr=0x0
9017168 ps (<) : TargetUCIe Sending ACK BEGIN_RESP back to HostUCIe
9017168 ps (<) : HostUCIe nb_transport_bw received phase=BEGIN_RESP addr=0x0 len=4
9017168 ps (<) : TargetUCIe Started reconstructing payload from flits
9017168 ps (<) : TargetUCIe Reconstructed length now=4
9017168 ps (<) : TargetUCIe Tail flit received. Forwarding reconstructed payload to ConvAccel
9017168 ps (<) : ConvAccel nb_transport_fw received phase=BEGIN_REQ cmd=READ addr=0x0 len=4
9017168 ps (<) : TargetUCIe ConvAccel accepted reconstructed payload
9017168 ps (<) : ConvAccel peq_cb BEGIN_REQ cmd=READ addr=0x0 len=4
9017168 ps (<) : ConvAccel SRAM READ using local offset
9017168 ps (<) : ConvAccel Sending BEGIN_RESP back to TargetUCIe
9017168 ps (<) : TargetUCIe nb_transport_bw received phase=BEGIN_RESP addr=0x0 len=4
9017168 ps (<) : HostUCIe peq_cb: BEGIN_RESP received from downstream target
9017168 ps (<) : HostUCIe Response extension: flit_id=115 ack=1 nak=0
9017168 ps (<) : HostUCIe ACK received: removed flit from retry buffer
9017168 ps (<) : TargetUCIe nb_transport_fw received phase=END_RESP addr=0x0 len=4
9017168 ps (<) : TargetUCIe peq_cb: BEGIN_RESP from ConvAccel, forwarding to HostUCIe
9017168 ps (<) : HostUCIe nb_transport_bw received phase=BEGIN_RESP addr=0x0 len=4
9017168 ps (<) : TargetUCIe peq_cb: END_RESP received from HostUCIe
9017168 ps (<) : HostUCIe peq_cb: BEGIN_RESP received from downstream target
9017168 ps (<) : TargetUCIe nb_transport_fw received phase=END_RESP addr=0x0 len=4
9017168 ps (<) : TargetUCIe peq_cb: END_RESP received from HostUCIe
9017173 ps (<) : HostUCIe peq_cb: BEGIN_REQ from gem5 bridge
9017173 ps (<) : HostUCIe Packing transaction into UCIe flits: cmd=READ addr=0x8 len=4 num_flits=1
9017173 ps (<) : HostUCIe Sending UCIe flit id=117 addr=0x8 size=4 tail=1
9017173 ps (<) : TargetUCIe nb_transport_fw received phase=BEGIN_REQ addr=0x8 len=4
9017173 ps (<) : HostUCIe Flit accepted by downstream target
9017173 ps (<) : HostUCIe Sending END_REQ back to gem5 bridge
9020 ns (=) : HostUCIe nb_transport_fw received phase=BEGIN_REQ addr=0xc len=4
9022504 ps (<) : TargetUCIe peq_cb: BEGIN_REQ from HostUCIe
9022504 ps (<) : TargetUCIe Received flit id=116 payload_size=4 tail=1 addr=0x4
9022504 ps (<) : TargetUCIe Sending ACK BEGIN_RESP back to HostUCIe
9022504 ps (<) : HostUCIe nb_transport_bw received phase=BEGIN_RESP addr=0x4 len=4
9022504 ps (<) : TargetUCIe Started reconstructing payload from flits
9022504 ps (<) : TargetUCIe Reconstructed length now=4
9022504 ps (<) : TargetUCIe Tail flit received. Forwarding reconstructed payload to ConvAccel
9022504 ps (<) : ConvAccel nb_transport_fw received phase=BEGIN_REQ cmd=READ addr=0x4 len=4
9022504 ps (<) : TargetUCIe ConvAccel accepted reconstructed payload
9022504 ps (<) : ConvAccel peq_cb BEGIN_REQ cmd=READ addr=0x4 len=4
9022504 ps (<) : ConvAccel SRAM READ using local offset
9022504 ps (<) : ConvAccel Sending BEGIN_RESP back to TargetUCIe
9022504 ps (<) : TargetUCIe nb_transport_bw received phase=BEGIN_RESP addr=0x4 len=4
9022504 ps (<) : HostUCIe peq_cb: BEGIN_RESP received from downstream target
9022504 ps (<) : HostUCIe Response extension: flit_id=116 ack=1 nak=0
9022504 ps (<) : HostUCIe ACK received: removed flit from retry buffer
9022504 ps (<) : TargetUCIe nb_transport_fw received phase=END_RESP addr=0x4 len=4
9022504 ps (<) : TargetUCIe peq_cb: BEGIN_RESP from ConvAccel, forwarding to HostUCIe
9022504 ps (<) : HostUCIe nb_transport_bw received phase=BEGIN_RESP addr=0x4 len=4
9022504 ps (<) : TargetUCIe peq_cb: END_RESP received from HostUCIe
9022504 ps (<) : HostUCIe peq_cb: BEGIN_RESP received from downstream target
9022504 ps (<) : TargetUCIe nb_transport_fw received phase=END_RESP addr=0x4 len=4
9022504 ps (<) : TargetUCIe peq_cb: END_RESP received from HostUCIe
9022509 ps (<) : HostUCIe peq_cb: BEGIN_REQ from gem5 bridge
9022509 ps (<) : HostUCIe Packing transaction into UCIe flits: cmd=READ addr=0xc len=4 num_flits=1
9022509 ps (<) : HostUCIe Sending UCIe flit id=118 addr=0xc size=4 tail=1
9022509 ps (<) : TargetUCIe nb_transport_fw received phase=BEGIN_REQ addr=0xc len=4
9022509 ps (<) : HostUCIe Flit accepted by downstream target
9022509 ps (<) : HostUCIe Sending END_REQ back to gem5 bridge
9025 ns (=) : HostUCIe nb_transport_fw received phase=BEGIN_REQ addr=0x10 len=4
9027173 ps (<) : TargetUCIe peq_cb: BEGIN_REQ from HostUCIe
9027173 ps (<) : TargetUCIe Received flit id=117 payload_size=4 tail=1 addr=0x8
9027173 ps (<) : TargetUCIe Sending ACK BEGIN_RESP back to HostUCIe
9027173 ps (<) : HostUCIe nb_transport_bw received phase=BEGIN_RESP addr=0x8 len=4
9027173 ps (<) : TargetUCIe Started reconstructing payload from flits
9027173 ps (<) : TargetUCIe Reconstructed length now=4
9027173 ps (<) : TargetUCIe Tail flit received. Forwarding reconstructed payload to ConvAccel
9027173 ps (<) : ConvAccel nb_transport_fw received phase=BEGIN_REQ cmd=READ addr=0x8 len=4
9027173 ps (<) : TargetUCIe ConvAccel accepted reconstructed payload
9027173 ps (<) : ConvAccel peq_cb BEGIN_REQ cmd=READ addr=0x8 len=4
9027173 ps (<) : ConvAccel SRAM READ using local offset
9027173 ps (<) : ConvAccel Sending BEGIN_RESP back to TargetUCIe
9027173 ps (<) : TargetUCIe nb_transport_bw received phase=BEGIN_RESP addr=0x8 len=4
9027173 ps (<) : HostUCIe peq_cb: BEGIN_RESP received from downstream target
9027173 ps (<) : HostUCIe Response extension: flit_id=117 ack=1 nak=0
9027173 ps (<) : HostUCIe ACK received: removed flit from retry buffer
9027173 ps (<) : TargetUCIe nb_transport_fw received phase=END_RESP addr=0x8 len=4
9027173 ps (<) : TargetUCIe peq_cb: BEGIN_RESP from ConvAccel, forwarding to HostUCIe
9027173 ps (<) : HostUCIe nb_transport_bw received phase=BEGIN_RESP addr=0x8 len=4
9027173 ps (<) : TargetUCIe peq_cb: END_RESP received from HostUCIe
9027173 ps (<) : HostUCIe peq_cb: BEGIN_RESP received from downstream target
9027173 ps (<) : TargetUCIe nb_transport_fw received phase=END_RESP addr=0x8 len=4
9027173 ps (<) : TargetUCIe peq_cb: END_RESP received from HostUCIe
9027178 ps (<) : HostUCIe peq_cb: BEGIN_REQ from gem5 bridge
9027178 ps (<) : HostUCIe Packing transaction into UCIe flits: cmd=READ addr=0x10 len=4 num_flits=1
9027178 ps (<) : HostUCIe Sending UCIe flit id=119 addr=0x10 size=4 tail=1
9027178 ps (<) : TargetUCIe nb_transport_fw received phase=BEGIN_REQ addr=0x10 len=4
9027178 ps (<) : HostUCIe Flit accepted by downstream target
9027178 ps (<) : HostUCIe Sending END_REQ back to gem5 bridge
9030 ns (=) : HostUCIe nb_transport_fw received phase=BEGIN_REQ addr=0x14 len=4
9032509 ps (<) : TargetUCIe peq_cb: BEGIN_REQ from HostUCIe
9032509 ps (<) : TargetUCIe Received flit id=118 payload_size=4 tail=1 addr=0xc
9032509 ps (<) : TargetUCIe Sending ACK BEGIN_RESP back to HostUCIe
9032509 ps (<) : HostUCIe nb_transport_bw received phase=BEGIN_RESP addr=0xc len=4
9032509 ps (<) : TargetUCIe Started reconstructing payload from flits
9032509 ps (<) : TargetUCIe Reconstructed length now=4
9032509 ps (<) : TargetUCIe Tail flit received. Forwarding reconstructed payload to ConvAccel
9032509 ps (<) : ConvAccel nb_transport_fw received phase=BEGIN_REQ cmd=READ addr=0xc len=4
9032509 ps (<) : TargetUCIe ConvAccel accepted reconstructed payload
9032509 ps (<) : ConvAccel peq_cb BEGIN_REQ cmd=READ addr=0xc len=4
9032509 ps (<) : ConvAccel SRAM READ using local offset
9032509 ps (<) : ConvAccel Sending BEGIN_RESP back to TargetUCIe
9032509 ps (<) : TargetUCIe nb_transport_bw received phase=BEGIN_RESP addr=0xc len=4
9032509 ps (<) : HostUCIe peq_cb: BEGIN_RESP received from downstream target
9032509 ps (<) : HostUCIe Response extension: flit_id=118 ack=1 nak=0
9032509 ps (<) : HostUCIe ACK received: removed flit from retry buffer
9032509 ps (<) : TargetUCIe nb_transport_fw received phase=END_RESP addr=0xc len=4
9032509 ps (<) : TargetUCIe peq_cb: BEGIN_RESP from ConvAccel, forwarding to HostUCIe
9032509 ps (<) : HostUCIe nb_transport_bw received phase=BEGIN_RESP addr=0xc len=4
9032509 ps (<) : TargetUCIe peq_cb: END_RESP received from HostUCIe
9032509 ps (<) : HostUCIe peq_cb: BEGIN_RESP received from downstream target
9032509 ps (<) : TargetUCIe nb_transport_fw received phase=END_RESP addr=0xc len=4
9032509 ps (<) : TargetUCIe peq_cb: END_RESP received from HostUCIe
9032514 ps (<) : HostUCIe peq_cb: BEGIN_REQ from gem5 bridge
9032514 ps (<) : HostUCIe Packing transaction into UCIe flits: cmd=READ addr=0x14 len=4 num_flits=1
9032514 ps (<) : HostUCIe Sending UCIe flit id=120 addr=0x14 size=4 tail=1
9032514 ps (<) : TargetUCIe nb_transport_fw received phase=BEGIN_REQ addr=0x14 len=4
9032514 ps (<) : HostUCIe Flit accepted by downstream target
9032514 ps (<) : HostUCIe Sending END_REQ back to gem5 bridge
9035 ns (=) : HostUCIe nb_transport_fw received phase=BEGIN_REQ addr=0x18 len=4
9037178 ps (<) : TargetUCIe peq_cb: BEGIN_REQ from HostUCIe
9037178 ps (<) : TargetUCIe Received flit id=119 payload_size=4 tail=1 addr=0x10
9037178 ps (<) : TargetUCIe Sending ACK BEGIN_RESP back to HostUCIe
9037178 ps (<) : HostUCIe nb_transport_bw received phase=BEGIN_RESP addr=0x10 len=4
9037178 ps (<) : TargetUCIe Started reconstructing payload from flits
9037178 ps (<) : TargetUCIe Reconstructed length now=4
9037178 ps (<) : TargetUCIe Tail flit received. Forwarding reconstructed payload to ConvAccel
9037178 ps (<) : ConvAccel nb_transport_fw received phase=BEGIN_REQ cmd=READ addr=0x10 len=4
9037178 ps (<) : TargetUCIe ConvAccel accepted reconstructed payload
9037178 ps (<) : ConvAccel peq_cb BEGIN_REQ cmd=READ addr=0x10 len=4
9037178 ps (<) : ConvAccel SRAM READ using local offset
9037178 ps (<) : ConvAccel Sending BEGIN_RESP back to TargetUCIe
9037178 ps (<) : TargetUCIe nb_transport_bw received phase=BEGIN_RESP addr=0x10 len=4
9037178 ps (<) : HostUCIe peq_cb: BEGIN_RESP received from downstream target
9037178 ps (<) : HostUCIe Response extension: flit_id=119 ack=1 nak=0
9037178 ps (<) : HostUCIe ACK received: removed flit from retry buffer
9037178 ps (<) : TargetUCIe nb_transport_fw received phase=END_RESP addr=0x10 len=4
9037178 ps (<) : TargetUCIe peq_cb: BEGIN_RESP from ConvAccel, forwarding to HostUCIe
9037178 ps (<) : HostUCIe nb_transport_bw received phase=BEGIN_RESP addr=0x10 len=4
9037178 ps (<) : TargetUCIe peq_cb: END_RESP received from HostUCIe
9037178 ps (<) : HostUCIe peq_cb: BEGIN_RESP received from downstream target
9037178 ps (<) : TargetUCIe nb_transport_fw received phase=END_RESP addr=0x10 len=4
9037178 ps (<) : TargetUCIe peq_cb: END_RESP received from HostUCIe
9037183 ps (<) : HostUCIe peq_cb: BEGIN_REQ from gem5 bridge
9037183 ps (<) : HostUCIe Packing transaction into UCIe flits: cmd=READ addr=0x18 len=4 num_flits=1
9037183 ps (<) : HostUCIe Sending UCIe flit id=121 addr=0x18 size=4 tail=1
9037183 ps (<) : TargetUCIe nb_transport_fw received phase=BEGIN_REQ addr=0x18 len=4
9037183 ps (<) : HostUCIe Flit accepted by downstream target
9037183 ps (<) : HostUCIe Sending END_REQ back to gem5 bridge
9040 ns (=) : HostUCIe nb_transport_fw received phase=BEGIN_REQ addr=0x1c len=4
9042514 ps (<) : TargetUCIe peq_cb: BEGIN_REQ from HostUCIe
9042514 ps (<) : TargetUCIe Received flit id=120 payload_size=4 tail=1 addr=0x14
9042514 ps (<) : TargetUCIe Sending ACK BEGIN_RESP back to HostUCIe
9042514 ps (<) : HostUCIe nb_transport_bw received phase=BEGIN_RESP addr=0x14 len=4
9042514 ps (<) : TargetUCIe Started reconstructing payload from flits
9042514 ps (<) : TargetUCIe Reconstructed length now=4
9042514 ps (<) : TargetUCIe Tail flit received. Forwarding reconstructed payload to ConvAccel
9042514 ps (<) : ConvAccel nb_transport_fw received phase=BEGIN_REQ cmd=READ addr=0x14 len=4
9042514 ps (<) : TargetUCIe ConvAccel accepted reconstructed payload
9042514 ps (<) : ConvAccel peq_cb BEGIN_REQ cmd=READ addr=0x14 len=4
9042514 ps (<) : ConvAccel SRAM READ using local offset
9042514 ps (<) : ConvAccel Sending BEGIN_RESP back to TargetUCIe
9042514 ps (<) : TargetUCIe nb_transport_bw received phase=BEGIN_RESP addr=0x14 len=4
9042514 ps (<) : HostUCIe peq_cb: BEGIN_RESP received from downstream target
9042514 ps (<) : HostUCIe Response extension: flit_id=120 ack=1 nak=0
9042514 ps (<) : HostUCIe ACK received: removed flit from retry buffer
9042514 ps (<) : TargetUCIe nb_transport_fw received phase=END_RESP addr=0x14 len=4
9042514 ps (<) : TargetUCIe peq_cb: BEGIN_RESP from ConvAccel, forwarding to HostUCIe
9042514 ps (<) : HostUCIe nb_transport_bw received phase=BEGIN_RESP addr=0x14 len=4
9042514 ps (<) : TargetUCIe peq_cb: END_RESP received from HostUCIe
9042514 ps (<) : HostUCIe peq_cb: BEGIN_RESP received from downstream target
9042514 ps (<) : TargetUCIe nb_transport_fw received phase=END_RESP addr=0x14 len=4
9042514 ps (<) : TargetUCIe peq_cb: END_RESP received from HostUCIe
9042519 ps (<) : HostUCIe peq_cb: BEGIN_REQ from gem5 bridge
9042519 ps (<) : HostUCIe Packing transaction into UCIe flits: cmd=READ addr=0x1c len=4 num_flits=1
9042519 ps (<) : HostUCIe Sending UCIe flit id=122 addr=0x1c size=4 tail=1
9042519 ps (<) : TargetUCIe nb_transport_fw received phase=BEGIN_REQ addr=0x1c len=4
9042519 ps (<) : HostUCIe Flit accepted by downstream target
9042519 ps (<) : HostUCIe Sending END_REQ back to gem5 bridge
9045 ns (=) : HostUCIe nb_transport_fw received phase=BEGIN_REQ addr=0x20 len=4
9047183 ps (<) : TargetUCIe peq_cb: BEGIN_REQ from HostUCIe
9047183 ps (<) : TargetUCIe Received flit id=121 payload_size=4 tail=1 addr=0x18
9047183 ps (<) : TargetUCIe Sending ACK BEGIN_RESP back to HostUCIe
9047183 ps (<) : HostUCIe nb_transport_bw received phase=BEGIN_RESP addr=0x18 len=4
9047183 ps (<) : TargetUCIe Started reconstructing payload from flits
9047183 ps (<) : TargetUCIe Reconstructed length now=4
9047183 ps (<) : TargetUCIe Tail flit received. Forwarding reconstructed payload to ConvAccel
9047183 ps (<) : ConvAccel nb_transport_fw received phase=BEGIN_REQ cmd=READ addr=0x18 len=4
9047183 ps (<) : TargetUCIe ConvAccel accepted reconstructed payload
9047183 ps (<) : ConvAccel peq_cb BEGIN_REQ cmd=READ addr=0x18 len=4
9047183 ps (<) : ConvAccel SRAM READ using local offset
9047183 ps (<) : ConvAccel Sending BEGIN_RESP back to TargetUCIe
9047183 ps (<) : TargetUCIe nb_transport_bw received phase=BEGIN_RESP addr=0x18 len=4
9047183 ps (<) : HostUCIe peq_cb: BEGIN_RESP received from downstream target
9047183 ps (<) : HostUCIe Response extension: flit_id=121 ack=1 nak=0
9047183 ps (<) : HostUCIe ACK received: removed flit from retry buffer
9047183 ps (<) : TargetUCIe nb_transport_fw received phase=END_RESP addr=0x18 len=4
9047183 ps (<) : TargetUCIe peq_cb: BEGIN_RESP from ConvAccel, forwarding to HostUCIe
9047183 ps (<) : HostUCIe nb_transport_bw received phase=BEGIN_RESP addr=0x18 len=4
9047183 ps (<) : TargetUCIe peq_cb: END_RESP received from HostUCIe
9047183 ps (<) : HostUCIe peq_cb: BEGIN_RESP received from downstream target
9047183 ps (<) : TargetUCIe nb_transport_fw received phase=END_RESP addr=0x18 len=4
9047183 ps (<) : TargetUCIe peq_cb: END_RESP received from HostUCIe
9047188 ps (<) : HostUCIe peq_cb: BEGIN_REQ from gem5 bridge
9047188 ps (<) : HostUCIe Packing transaction into UCIe flits: cmd=READ addr=0x20 len=4 num_flits=1
9047188 ps (<) : HostUCIe Sending UCIe flit id=123 addr=0x20 size=4 tail=1
9047188 ps (<) : TargetUCIe nb_transport_fw received phase=BEGIN_REQ addr=0x20 len=4
9047188 ps (<) : HostUCIe Flit accepted by downstream target
9047188 ps (<) : HostUCIe Sending END_REQ back to gem5 bridge
9050 ns (=) : HostUCIe nb_transport_fw received phase=BEGIN_REQ addr=0x24 len=4
9052519 ps (<) : TargetUCIe peq_cb: BEGIN_REQ from HostUCIe
9052519 ps (<) : TargetUCIe Received flit id=122 payload_size=4 tail=1 addr=0x1c
9052519 ps (<) : TargetUCIe Sending ACK BEGIN_RESP back to HostUCIe
9052519 ps (<) : HostUCIe nb_transport_bw received phase=BEGIN_RESP addr=0x1c len=4
9052519 ps (<) : TargetUCIe Started reconstructing payload from flits
9052519 ps (<) : TargetUCIe Reconstructed length now=4
9052519 ps (<) : TargetUCIe Tail flit received. Forwarding reconstructed payload to ConvAccel
9052519 ps (<) : ConvAccel nb_transport_fw received phase=BEGIN_REQ cmd=READ addr=0x1c len=4
9052519 ps (<) : TargetUCIe ConvAccel accepted reconstructed payload
9052519 ps (<) : ConvAccel peq_cb BEGIN_REQ cmd=READ addr=0x1c len=4
9052519 ps (<) : ConvAccel SRAM READ using local offset
9052519 ps (<) : ConvAccel Sending BEGIN_RESP back to TargetUCIe
9052519 ps (<) : TargetUCIe nb_transport_bw received phase=BEGIN_RESP addr=0x1c len=4
9052519 ps (<) : HostUCIe peq_cb: BEGIN_RESP received from downstream target
9052519 ps (<) : HostUCIe Response extension: flit_id=122 ack=1 nak=0
9052519 ps (<) : HostUCIe ACK received: removed flit from retry buffer
9052519 ps (<) : TargetUCIe nb_transport_fw received phase=END_RESP addr=0x1c len=4
9052519 ps (<) : TargetUCIe peq_cb: BEGIN_RESP from ConvAccel, forwarding to HostUCIe
9052519 ps (<) : HostUCIe nb_transport_bw received phase=BEGIN_RESP addr=0x1c len=4
9052519 ps (<) : TargetUCIe peq_cb: END_RESP received from HostUCIe
9052519 ps (<) : HostUCIe peq_cb: BEGIN_RESP received from downstream target
9052519 ps (<) : TargetUCIe nb_transport_fw received phase=END_RESP addr=0x1c len=4
9052519 ps (<) : TargetUCIe peq_cb: END_RESP received from HostUCIe
9052524 ps (<) : HostUCIe peq_cb: BEGIN_REQ from gem5 bridge
9052524 ps (<) : HostUCIe Packing transaction into UCIe flits: cmd=READ addr=0x24 len=4 num_flits=1
9052524 ps (<) : HostUCIe Sending UCIe flit id=124 addr=0x24 size=4 tail=1
9052524 ps (<) : TargetUCIe nb_transport_fw received phase=BEGIN_REQ addr=0x24 len=4
9052524 ps (<) : HostUCIe Flit accepted by downstream target
9052524 ps (<) : HostUCIe Sending END_REQ back to gem5 bridge
9055 ns (=) : HostUCIe nb_transport_fw received phase=BEGIN_REQ addr=0x28 len=4
9057188 ps (<) : TargetUCIe peq_cb: BEGIN_REQ from HostUCIe
9057188 ps (<) : TargetUCIe Received flit id=123 payload_size=4 tail=1 addr=0x20
9057188 ps (<) : TargetUCIe Sending ACK BEGIN_RESP back to HostUCIe
9057188 ps (<) : HostUCIe nb_transport_bw received phase=BEGIN_RESP addr=0x20 len=4
9057188 ps (<) : TargetUCIe Started reconstructing payload from flits
9057188 ps (<) : TargetUCIe Reconstructed length now=4
9057188 ps (<) : TargetUCIe Tail flit received. Forwarding reconstructed payload to ConvAccel
9057188 ps (<) : ConvAccel nb_transport_fw received phase=BEGIN_REQ cmd=READ addr=0x20 len=4
9057188 ps (<) : TargetUCIe ConvAccel accepted reconstructed payload
9057188 ps (<) : ConvAccel peq_cb BEGIN_REQ cmd=READ addr=0x20 len=4
9057188 ps (<) : ConvAccel SRAM READ using local offset
9057188 ps (<) : ConvAccel Sending BEGIN_RESP back to TargetUCIe
9057188 ps (<) : TargetUCIe nb_transport_bw received phase=BEGIN_RESP addr=0x20 len=4
9057188 ps (<) : HostUCIe peq_cb: BEGIN_RESP received from downstream target
9057188 ps (<) : HostUCIe Response extension: flit_id=123 ack=1 nak=0
9057188 ps (<) : HostUCIe ACK received: removed flit from retry buffer
9057188 ps (<) : TargetUCIe nb_transport_fw received phase=END_RESP addr=0x20 len=4
9057188 ps (<) : TargetUCIe peq_cb: BEGIN_RESP from ConvAccel, forwarding to HostUCIe
9057188 ps (<) : HostUCIe nb_transport_bw received phase=BEGIN_RESP addr=0x20 len=4
9057188 ps (<) : TargetUCIe peq_cb: END_RESP received from HostUCIe
9057188 ps (<) : HostUCIe peq_cb: BEGIN_RESP received from downstream target
9057188 ps (<) : TargetUCIe nb_transport_fw received phase=END_RESP addr=0x20 len=4
9057188 ps (<) : TargetUCIe peq_cb: END_RESP received from HostUCIe
9057193 ps (<) : HostUCIe peq_cb: BEGIN_REQ from gem5 bridge
9057193 ps (<) : HostUCIe Packing transaction into UCIe flits: cmd=READ addr=0x28 len=4 num_flits=1
9057193 ps (<) : HostUCIe Sending UCIe flit id=125 addr=0x28 size=4 tail=1
9057193 ps (<) : TargetUCIe nb_transport_fw received phase=BEGIN_REQ addr=0x28 len=4
9057193 ps (<) : HostUCIe Flit accepted by downstream target
9057193 ps (<) : HostUCIe Sending END_REQ back to gem5 bridge
9060 ns (=) : HostUCIe nb_transport_fw received phase=BEGIN_REQ addr=0x2c len=4
9062524 ps (<) : TargetUCIe peq_cb: BEGIN_REQ from HostUCIe
9062524 ps (<) : TargetUCIe Received flit id=124 payload_size=4 tail=1 addr=0x24
9062524 ps (<) : TargetUCIe Sending ACK BEGIN_RESP back to HostUCIe
9062524 ps (<) : HostUCIe nb_transport_bw received phase=BEGIN_RESP addr=0x24 len=4
9062524 ps (<) : TargetUCIe Started reconstructing payload from flits
9062524 ps (<) : TargetUCIe Reconstructed length now=4
9062524 ps (<) : TargetUCIe Tail flit received. Forwarding reconstructed payload to ConvAccel
9062524 ps (<) : ConvAccel nb_transport_fw received phase=BEGIN_REQ cmd=READ addr=0x24 len=4
9062524 ps (<) : TargetUCIe ConvAccel accepted reconstructed payload
9062524 ps (<) : ConvAccel peq_cb BEGIN_REQ cmd=READ addr=0x24 len=4
9062524 ps (<) : ConvAccel SRAM READ using local offset
9062524 ps (<) : ConvAccel Sending BEGIN_RESP back to TargetUCIe
9062524 ps (<) : TargetUCIe nb_transport_bw received phase=BEGIN_RESP addr=0x24 len=4
9062524 ps (<) : HostUCIe peq_cb: BEGIN_RESP received from downstream target
9062524 ps (<) : HostUCIe Response extension: flit_id=124 ack=1 nak=0
9062524 ps (<) : HostUCIe ACK received: removed flit from retry buffer
9062524 ps (<) : TargetUCIe nb_transport_fw received phase=END_RESP addr=0x24 len=4
9062524 ps (<) : TargetUCIe peq_cb: BEGIN_RESP from ConvAccel, forwarding to HostUCIe
9062524 ps (<) : HostUCIe nb_transport_bw received phase=BEGIN_RESP addr=0x24 len=4
9062524 ps (<) : TargetUCIe peq_cb: END_RESP received from HostUCIe
9062524 ps (<) : HostUCIe peq_cb: BEGIN_RESP received from downstream target
9062524 ps (<) : TargetUCIe nb_transport_fw received phase=END_RESP addr=0x24 len=4
9062524 ps (<) : TargetUCIe peq_cb: END_RESP received from HostUCIe
9062529 ps (<) : HostUCIe peq_cb: BEGIN_REQ from gem5 bridge
9062529 ps (<) : HostUCIe Packing transaction into UCIe flits: cmd=READ addr=0x2c len=4 num_flits=1
9062529 ps (<) : HostUCIe Sending UCIe flit id=126 addr=0x2c size=4 tail=1
9062529 ps (<) : TargetUCIe nb_transport_fw received phase=BEGIN_REQ addr=0x2c len=4
9062529 ps (<) : HostUCIe Flit accepted by downstream target
9062529 ps (<) : HostUCIe Sending END_REQ back to gem5 bridge
9065 ns (=) : HostUCIe nb_transport_fw received phase=BEGIN_REQ addr=0x30 len=4
9067193 ps (<) : TargetUCIe peq_cb: BEGIN_REQ from HostUCIe
9067193 ps (<) : TargetUCIe Received flit id=125 payload_size=4 tail=1 addr=0x28
9067193 ps (<) : TargetUCIe Sending ACK BEGIN_RESP back to HostUCIe
9067193 ps (<) : HostUCIe nb_transport_bw received phase=BEGIN_RESP addr=0x28 len=4
9067193 ps (<) : TargetUCIe Started reconstructing payload from flits
9067193 ps (<) : TargetUCIe Reconstructed length now=4
9067193 ps (<) : TargetUCIe Tail flit received. Forwarding reconstructed payload to ConvAccel
9067193 ps (<) : ConvAccel nb_transport_fw received phase=BEGIN_REQ cmd=READ addr=0x28 len=4
9067193 ps (<) : TargetUCIe ConvAccel accepted reconstructed payload
9067193 ps (<) : ConvAccel peq_cb BEGIN_REQ cmd=READ addr=0x28 len=4
9067193 ps (<) : ConvAccel SRAM READ using local offset
9067193 ps (<) : ConvAccel Sending BEGIN_RESP back to TargetUCIe
9067193 ps (<) : TargetUCIe nb_transport_bw received phase=BEGIN_RESP addr=0x28 len=4
9067193 ps (<) : HostUCIe peq_cb: BEGIN_RESP received from downstream target
9067193 ps (<) : HostUCIe Response extension: flit_id=125 ack=1 nak=0
9067193 ps (<) : HostUCIe ACK received: removed flit from retry buffer
9067193 ps (<) : TargetUCIe nb_transport_fw received phase=END_RESP addr=0x28 len=4
9067193 ps (<) : TargetUCIe peq_cb: BEGIN_RESP from ConvAccel, forwarding to HostUCIe
9067193 ps (<) : HostUCIe nb_transport_bw received phase=BEGIN_RESP addr=0x28 len=4
9067193 ps (<) : TargetUCIe peq_cb: END_RESP received from HostUCIe
9067193 ps (<) : HostUCIe peq_cb: BEGIN_RESP received from downstream target
9067193 ps (<) : TargetUCIe nb_transport_fw received phase=END_RESP addr=0x28 len=4
9067193 ps (<) : TargetUCIe peq_cb: END_RESP received from HostUCIe
9067198 ps (<) : HostUCIe peq_cb: BEGIN_REQ from gem5 bridge
9067198 ps (<) : HostUCIe Packing transaction into UCIe flits: cmd=READ addr=0x30 len=4 num_flits=1
9067198 ps (<) : HostUCIe Sending UCIe flit id=127 addr=0x30 size=4 tail=1
9067198 ps (<) : TargetUCIe nb_transport_fw received phase=BEGIN_REQ addr=0x30 len=4
9067198 ps (<) : HostUCIe Flit accepted by downstream target
9067198 ps (<) : HostUCIe Sending END_REQ back to gem5 bridge
9070 ns (=) : HostUCIe nb_transport_fw received phase=BEGIN_REQ addr=0x34 len=4
9072529 ps (<) : TargetUCIe peq_cb: BEGIN_REQ from HostUCIe
9072529 ps (<) : TargetUCIe Received flit id=126 payload_size=4 tail=1 addr=0x2c
9072529 ps (<) : TargetUCIe Sending ACK BEGIN_RESP back to HostUCIe
9072529 ps (<) : HostUCIe nb_transport_bw received phase=BEGIN_RESP addr=0x2c len=4
9072529 ps (<) : TargetUCIe Started reconstructing payload from flits
9072529 ps (<) : TargetUCIe Reconstructed length now=4
9072529 ps (<) : TargetUCIe Tail flit received. Forwarding reconstructed payload to ConvAccel
9072529 ps (<) : ConvAccel nb_transport_fw received phase=BEGIN_REQ cmd=READ addr=0x2c len=4
9072529 ps (<) : TargetUCIe ConvAccel accepted reconstructed payload
9072529 ps (<) : ConvAccel peq_cb BEGIN_REQ cmd=READ addr=0x2c len=4
9072529 ps (<) : ConvAccel SRAM READ using local offset
9072529 ps (<) : ConvAccel Sending BEGIN_RESP back to TargetUCIe
9072529 ps (<) : TargetUCIe nb_transport_bw received phase=BEGIN_RESP addr=0x2c len=4
9072529 ps (<) : HostUCIe peq_cb: BEGIN_RESP received from downstream target
9072529 ps (<) : HostUCIe Response extension: flit_id=126 ack=1 nak=0
9072529 ps (<) : HostUCIe ACK received: removed flit from retry buffer
9072529 ps (<) : TargetUCIe nb_transport_fw received phase=END_RESP addr=0x2c len=4
9072529 ps (<) : TargetUCIe peq_cb: BEGIN_RESP from ConvAccel, forwarding to HostUCIe
9072529 ps (<) : HostUCIe nb_transport_bw received phase=BEGIN_RESP addr=0x2c len=4
9072529 ps (<) : TargetUCIe peq_cb: END_RESP received from HostUCIe
9072529 ps (<) : HostUCIe peq_cb: BEGIN_RESP received from downstream target
9072529 ps (<) : TargetUCIe nb_transport_fw received phase=END_RESP addr=0x2c len=4
9072529 ps (<) : TargetUCIe peq_cb: END_RESP received from HostUCIe
9072534 ps (<) : HostUCIe peq_cb: BEGIN_REQ from gem5 bridge
9072534 ps (<) : HostUCIe Packing transaction into UCIe flits: cmd=READ addr=0x34 len=4 num_flits=1
9072534 ps (<) : HostUCIe Sending UCIe flit id=128 addr=0x34 size=4 tail=1
9072534 ps (<) : TargetUCIe nb_transport_fw received phase=BEGIN_REQ addr=0x34 len=4
9072534 ps (<) : HostUCIe Flit accepted by downstream target
9072534 ps (<) : HostUCIe Sending END_REQ back to gem5 bridge
9075 ns (=) : HostUCIe nb_transport_fw received phase=BEGIN_REQ addr=0x38 len=4
9077198 ps (<) : TargetUCIe peq_cb: BEGIN_REQ from HostUCIe
9077198 ps (<) : TargetUCIe Received flit id=127 payload_size=4 tail=1 addr=0x30
9077198 ps (<) : TargetUCIe Sending ACK BEGIN_RESP back to HostUCIe
9077198 ps (<) : HostUCIe nb_transport_bw received phase=BEGIN_RESP addr=0x30 len=4
9077198 ps (<) : TargetUCIe Started reconstructing payload from flits
9077198 ps (<) : TargetUCIe Reconstructed length now=4
9077198 ps (<) : TargetUCIe Tail flit received. Forwarding reconstructed payload to ConvAccel
9077198 ps (<) : ConvAccel nb_transport_fw received phase=BEGIN_REQ cmd=READ addr=0x30 len=4
9077198 ps (<) : TargetUCIe ConvAccel accepted reconstructed payload
9077198 ps (<) : ConvAccel peq_cb BEGIN_REQ cmd=READ addr=0x30 len=4
9077198 ps (<) : ConvAccel SRAM READ using local offset
9077198 ps (<) : ConvAccel Sending BEGIN_RESP back to TargetUCIe
9077198 ps (<) : TargetUCIe nb_transport_bw received phase=BEGIN_RESP addr=0x30 len=4
9077198 ps (<) : HostUCIe peq_cb: BEGIN_RESP received from downstream target
9077198 ps (<) : HostUCIe Response extension: flit_id=127 ack=1 nak=0
9077198 ps (<) : HostUCIe ACK received: removed flit from retry buffer
9077198 ps (<) : TargetUCIe nb_transport_fw received phase=END_RESP addr=0x30 len=4
9077198 ps (<) : TargetUCIe peq_cb: BEGIN_RESP from ConvAccel, forwarding to HostUCIe
9077198 ps (<) : HostUCIe nb_transport_bw received phase=BEGIN_RESP addr=0x30 len=4
9077198 ps (<) : TargetUCIe peq_cb: END_RESP received from HostUCIe
9077198 ps (<) : HostUCIe peq_cb: BEGIN_RESP received from downstream target
9077198 ps (<) : TargetUCIe nb_transport_fw received phase=END_RESP addr=0x30 len=4
9077198 ps (<) : TargetUCIe peq_cb: END_RESP received from HostUCIe
9077203 ps (<) : HostUCIe peq_cb: BEGIN_REQ from gem5 bridge
9077203 ps (<) : HostUCIe Packing transaction into UCIe flits: cmd=READ addr=0x38 len=4 num_flits=1
9077203 ps (<) : HostUCIe Sending UCIe flit id=129 addr=0x38 size=4 tail=1
9077203 ps (<) : TargetUCIe nb_transport_fw received phase=BEGIN_REQ addr=0x38 len=4
9077203 ps (<) : HostUCIe Flit accepted by downstream target
9077203 ps (<) : HostUCIe Sending END_REQ back to gem5 bridge
9080 ns (=) : HostUCIe nb_transport_fw received phase=BEGIN_REQ addr=0x3c len=4
9082534 ps (<) : TargetUCIe peq_cb: BEGIN_REQ from HostUCIe
9082534 ps (<) : TargetUCIe Received flit id=128 payload_size=4 tail=1 addr=0x34
9082534 ps (<) : TargetUCIe Sending ACK BEGIN_RESP back to HostUCIe
9082534 ps (<) : HostUCIe nb_transport_bw received phase=BEGIN_RESP addr=0x34 len=4
9082534 ps (<) : TargetUCIe Started reconstructing payload from flits
9082534 ps (<) : TargetUCIe Reconstructed length now=4
9082534 ps (<) : TargetUCIe Tail flit received. Forwarding reconstructed payload to ConvAccel
9082534 ps (<) : ConvAccel nb_transport_fw received phase=BEGIN_REQ cmd=READ addr=0x34 len=4
9082534 ps (<) : TargetUCIe ConvAccel accepted reconstructed payload
9082534 ps (<) : ConvAccel peq_cb BEGIN_REQ cmd=READ addr=0x34 len=4
9082534 ps (<) : ConvAccel SRAM READ using local offset
9082534 ps (<) : ConvAccel Sending BEGIN_RESP back to TargetUCIe
9082534 ps (<) : TargetUCIe nb_transport_bw received phase=BEGIN_RESP addr=0x34 len=4
9082534 ps (<) : HostUCIe peq_cb: BEGIN_RESP received from downstream target
9082534 ps (<) : HostUCIe Response extension: flit_id=128 ack=1 nak=0
9082534 ps (<) : HostUCIe ACK received: removed flit from retry buffer
9082534 ps (<) : TargetUCIe nb_transport_fw received phase=END_RESP addr=0x34 len=4
9082534 ps (<) : TargetUCIe peq_cb: BEGIN_RESP from ConvAccel, forwarding to HostUCIe
9082534 ps (<) : HostUCIe nb_transport_bw received phase=BEGIN_RESP addr=0x34 len=4
9082534 ps (<) : TargetUCIe peq_cb: END_RESP received from HostUCIe
9082534 ps (<) : HostUCIe peq_cb: BEGIN_RESP received from downstream target
9082534 ps (<) : TargetUCIe nb_transport_fw received phase=END_RESP addr=0x34 len=4
9082534 ps (<) : TargetUCIe peq_cb: END_RESP received from HostUCIe
9082539 ps (<) : HostUCIe peq_cb: BEGIN_REQ from gem5 bridge
9082539 ps (<) : HostUCIe Packing transaction into UCIe flits: cmd=READ addr=0x3c len=4 num_flits=1
9082539 ps (<) : HostUCIe Sending UCIe flit id=130 addr=0x3c size=4 tail=1
9082539 ps (<) : TargetUCIe nb_transport_fw received phase=BEGIN_REQ addr=0x3c len=4
9082539 ps (<) : HostUCIe Flit accepted by downstream target
9082539 ps (<) : HostUCIe Sending END_REQ back to gem5 bridge
9087203 ps (<) : TargetUCIe peq_cb: BEGIN_REQ from HostUCIe
9087203 ps (<) : TargetUCIe Received flit id=129 payload_size=4 tail=1 addr=0x38
9087203 ps (<) : TargetUCIe Sending ACK BEGIN_RESP back to HostUCIe
9087203 ps (<) : HostUCIe nb_transport_bw received phase=BEGIN_RESP addr=0x38 len=4
9087203 ps (<) : TargetUCIe Started reconstructing payload from flits
9087203 ps (<) : TargetUCIe Reconstructed length now=4
9087203 ps (<) : TargetUCIe Tail flit received. Forwarding reconstructed payload to ConvAccel
9087203 ps (<) : ConvAccel nb_transport_fw received phase=BEGIN_REQ cmd=READ addr=0x38 len=4
9087203 ps (<) : TargetUCIe ConvAccel accepted reconstructed payload
9087203 ps (<) : ConvAccel peq_cb BEGIN_REQ cmd=READ addr=0x38 len=4
9087203 ps (<) : ConvAccel SRAM READ using local offset
9087203 ps (<) : ConvAccel Sending BEGIN_RESP back to TargetUCIe
9087203 ps (<) : TargetUCIe nb_transport_bw received phase=BEGIN_RESP addr=0x38 len=4
9087203 ps (<) : HostUCIe peq_cb: BEGIN_RESP received from downstream target
9087203 ps (<) : HostUCIe Response extension: flit_id=129 ack=1 nak=0
9087203 ps (<) : HostUCIe ACK received: removed flit from retry buffer
9087203 ps (<) : TargetUCIe nb_transport_fw received phase=END_RESP addr=0x38 len=4
9087203 ps (<) : TargetUCIe peq_cb: BEGIN_RESP from ConvAccel, forwarding to HostUCIe
9087203 ps (<) : HostUCIe nb_transport_bw received phase=BEGIN_RESP addr=0x38 len=4
9087203 ps (<) : TargetUCIe peq_cb: END_RESP received from HostUCIe
9087203 ps (<) : HostUCIe peq_cb: BEGIN_RESP received from downstream target
9087203 ps (<) : TargetUCIe nb_transport_fw received phase=END_RESP addr=0x38 len=4
9087203 ps (<) : TargetUCIe peq_cb: END_RESP received from HostUCIe
9092539 ps (<) : TargetUCIe peq_cb: BEGIN_REQ from HostUCIe
9092539 ps (<) : TargetUCIe Received flit id=130 payload_size=4 tail=1 addr=0x3c
9092539 ps (<) : TargetUCIe Sending ACK BEGIN_RESP back to HostUCIe
9092539 ps (<) : HostUCIe nb_transport_bw received phase=BEGIN_RESP addr=0x3c len=4
9092539 ps (<) : TargetUCIe Started reconstructing payload from flits
9092539 ps (<) : TargetUCIe Reconstructed length now=4
9092539 ps (<) : TargetUCIe Tail flit received. Forwarding reconstructed payload to ConvAccel
9092539 ps (<) : ConvAccel nb_transport_fw received phase=BEGIN_REQ cmd=READ addr=0x3c len=4
9092539 ps (<) : TargetUCIe ConvAccel accepted reconstructed payload
9092539 ps (<) : ConvAccel peq_cb BEGIN_REQ cmd=READ addr=0x3c len=4
9092539 ps (<) : ConvAccel SRAM READ using local offset
9092539 ps (<) : ConvAccel Sending BEGIN_RESP back to TargetUCIe
9092539 ps (<) : TargetUCIe nb_transport_bw received phase=BEGIN_RESP addr=0x3c len=4
9092539 ps (<) : HostUCIe peq_cb: BEGIN_RESP received from downstream target
9092539 ps (<) : HostUCIe Response extension: flit_id=130 ack=1 nak=0
9092539 ps (<) : HostUCIe ACK received: removed flit from retry buffer
9092539 ps (<) : TargetUCIe nb_transport_fw received phase=END_RESP addr=0x3c len=4
9092539 ps (<) : TargetUCIe peq_cb: BEGIN_RESP from ConvAccel, forwarding to HostUCIe
9092539 ps (<) : HostUCIe nb_transport_bw received phase=BEGIN_RESP addr=0x3c len=4
9092539 ps (<) : TargetUCIe peq_cb: END_RESP received from HostUCIe
9092539 ps (<) : HostUCIe peq_cb: BEGIN_RESP received from downstream target
9092539 ps (<) : TargetUCIe nb_transport_fw received phase=END_RESP addr=0x3c len=4
9092539 ps (<) : TargetUCIe peq_cb: END_RESP received from HostUCIe
============================================================
EventQueue Dump  (cycle 10000000)
------------------------------------------------------------
Event system.cpu.wrapped_function_event (EventFunctionWrapped)
Flags: 0x7a42
Scheduled for 10005000, priority 0
Event system.cpu.wrapped_function_event (EventFunctionWrapped)
Flags: 0x7a42
Scheduled for 1010000000, priority 0
============================================================
10 us (=) : sc_main End gem5 + UCIe + accelerator endpoint simulation
